﻿"tsp_controlid","importsequencenumber","tsp_name","statuscode","statecode","timezoneruleversionnumber","utcconversiontimezonecode","tsp_value","versionnumber","owningbusinessunit"
"3176e82b-83ca-ee11-9079-000d3a3479aa","","TechDebtItemReminderEmailVerbiage","1","0","","","Hello {{TechDebtItemOwner}}, 
<br>
You have a tech debt item due on {{TechDebtItemDueDate}} for {{ProjectName}} for {{ProjectStage}}. 
<br>
<br>
Please resolve this item promptly. 
<br><br>
Thank you.","13519539","2e89bb77-e580-ec11-8d21-000d3a5b3b17"
"754728b6-82ca-ee11-9079-000d3a3479aa","","ActionItemReminderEmailVerbiage","1","0","","","Hello {{ActionItemOwner}}, 
<br>
You have an action item due on {{ActionItemDueDate}} for {{ProjectName}} for {{ProjectStage}}. 
<br>
<br>
Please resolve this action item promptly. 
<br><br>
Thank you.","13519532","2e89bb77-e580-ec11-8d21-000d3a5b3b17"
"c61aa350-65ca-ee11-9079-000d3a3479aa","","PresentationReminderEmailVerbiage","1","0","","","Hello {{PresenterName}}, 
<br>
You have an upcoming presentation to the Design Authority Review Board on {{PresentationDate}} for {{ProjectName}}. 
<br>
<br>
Please ensure that your PowerPoint document has been uploaded to prevent slot forfeiture. 
<br><br>
Thank you.","13519495","2e89bb77-e580-ec11-8d21-000d3a5b3b17"
"c388bbcf-0bc5-ee11-9079-000d3a3479aa","","Roster","1","0","","","3cd293f6-529f-49a3-8b67-f2ee091c6aa8","13466310","2e89bb77-e580-ec11-8d21-000d3a5b3b17"
"ab62f2cf-7667-ee11-9ae7-000d3a3479aa","","DaysBeforeWarnEmail","1","0","","","5","11128908","2e89bb77-e580-ec11-8d21-000d3a5b3b17"
"08119345-5152-ee11-be6f-000d3a3479aa","","DaysBeforeSlotForfeited","1","0","","","2","10795851","2e89bb77-e580-ec11-8d21-000d3a5b3b17"
