<ImportExportXml version="9.2.24014.212" SolutionPackageVersion="9.2" languagecode="1033" generatedBy="CrmLive" xmlns:xsi="http://www.w3.org/2001/XMLSchema-instance">
  <SolutionManifest>
    <UniqueName>DesignAuthorityBookingApplication</UniqueName>
    <LocalizedNames>
      <LocalizedName description="Design Authority Booking Application" languagecode="1033" />
    </LocalizedNames>
    <Descriptions />
    <Version>1.0.0.3</Version>
    <Managed>0</Managed>
    <Publisher>
      <UniqueName>TSP</UniqueName>
      <LocalizedNames>
        <LocalizedName description="Technical Sales Professional" languagecode="1033" />
      </LocalizedNames>
      <Descriptions />
      <EMailAddress xsi:nil="true"></EMailAddress>
      <SupportingWebsiteUrl xsi:nil="true"></SupportingWebsiteUrl>
      <CustomizationPrefix>tsp</CustomizationPrefix>
      <CustomizationOptionValuePrefix>93377</CustomizationOptionValuePrefix>
      <Addresses>
        <Address>
          <AddressNumber>1</AddressNumber>
          <AddressTypeCode>1</AddressTypeCode>
          <City xsi:nil="true"></City>
          <County xsi:nil="true"></County>
          <Country xsi:nil="true"></Country>
          <Fax xsi:nil="true"></Fax>
          <FreightTermsCode xsi:nil="true"></FreightTermsCode>
          <ImportSequenceNumber xsi:nil="true"></ImportSequenceNumber>
          <Latitude xsi:nil="true"></Latitude>
          <Line1 xsi:nil="true"></Line1>
          <Line2 xsi:nil="true"></Line2>
          <Line3 xsi:nil="true"></Line3>
          <Longitude xsi:nil="true"></Longitude>
          <Name xsi:nil="true"></Name>
          <PostalCode xsi:nil="true"></PostalCode>
          <PostOfficeBox xsi:nil="true"></PostOfficeBox>
          <PrimaryContactName xsi:nil="true"></PrimaryContactName>
          <ShippingMethodCode>1</ShippingMethodCode>
          <StateOrProvince xsi:nil="true"></StateOrProvince>
          <Telephone1 xsi:nil="true"></Telephone1>
          <Telephone2 xsi:nil="true"></Telephone2>
          <Telephone3 xsi:nil="true"></Telephone3>
          <TimeZoneRuleVersionNumber xsi:nil="true"></TimeZoneRuleVersionNumber>
          <UPSZone xsi:nil="true"></UPSZone>
          <UTCOffset xsi:nil="true"></UTCOffset>
          <UTCConversionTimeZoneCode xsi:nil="true"></UTCConversionTimeZoneCode>
        </Address>
        <Address>
          <AddressNumber>2</AddressNumber>
          <AddressTypeCode>1</AddressTypeCode>
          <City xsi:nil="true"></City>
          <County xsi:nil="true"></County>
          <Country xsi:nil="true"></Country>
          <Fax xsi:nil="true"></Fax>
          <FreightTermsCode xsi:nil="true"></FreightTermsCode>
          <ImportSequenceNumber xsi:nil="true"></ImportSequenceNumber>
          <Latitude xsi:nil="true"></Latitude>
          <Line1 xsi:nil="true"></Line1>
          <Line2 xsi:nil="true"></Line2>
          <Line3 xsi:nil="true"></Line3>
          <Longitude xsi:nil="true"></Longitude>
          <Name xsi:nil="true"></Name>
          <PostalCode xsi:nil="true"></PostalCode>
          <PostOfficeBox xsi:nil="true"></PostOfficeBox>
          <PrimaryContactName xsi:nil="true"></PrimaryContactName>
          <ShippingMethodCode>1</ShippingMethodCode>
          <StateOrProvince xsi:nil="true"></StateOrProvince>
          <Telephone1 xsi:nil="true"></Telephone1>
          <Telephone2 xsi:nil="true"></Telephone2>
          <Telephone3 xsi:nil="true"></Telephone3>
          <TimeZoneRuleVersionNumber xsi:nil="true"></TimeZoneRuleVersionNumber>
          <UPSZone xsi:nil="true"></UPSZone>
          <UTCOffset xsi:nil="true"></UTCOffset>
          <UTCConversionTimeZoneCode xsi:nil="true"></UTCConversionTimeZoneCode>
        </Address>
      </Addresses>
    </Publisher>
    <RootComponents>
      <RootComponent type="1" schemaName="contact" behavior="1" />
      <RootComponent type="1" schemaName="tsp_actionitem" behavior="0" />
      <RootComponent type="1" schemaName="tsp_category" behavior="0" />
      <RootComponent type="1" schemaName="tsp_control" behavior="0" />
      <RootComponent type="1" schemaName="tsp_intake" behavior="0" />
      <RootComponent type="1" schemaName="tsp_project" behavior="0" />
      <RootComponent type="1" schemaName="tsp_projectstage" behavior="0" />
      <RootComponent type="1" schemaName="tsp_recommendation" behavior="0" />
      <RootComponent type="1" schemaName="tsp_slot" behavior="0" />
      <RootComponent type="1" schemaName="tsp_techdebt" behavior="0" />
      <RootComponent type="29" id="{801616b9-3a52-ee11-be6f-000d3a3479aa}" behavior="0" />
      <RootComponent type="29" id="{85166091-7b67-ee11-9ae7-000d3a3479aa}" behavior="0" />
      <RootComponent type="29" id="{9300f0c8-f973-ee11-9ae7-000d3a3479aa}" behavior="0" />
      <RootComponent type="29" id="{a46ba3e0-fdd6-ee11-9078-0022480badc3}" behavior="0" />
      <RootComponent type="29" id="{c25e3bf7-64ca-ee11-9079-000d3a3479aa}" behavior="0" />
      <RootComponent type="29" id="{dae7bd5b-4e52-ee11-be6f-000d3a3479aa}" behavior="0" />
      <RootComponent type="29" id="{ead9c127-fb73-ee11-9ae7-000d3a3479aa}" behavior="0" />
      <RootComponent type="29" id="{f4f14a47-8ebf-ee11-9079-000d3a3479aa}" behavior="0" />
      <RootComponent type="62" schemaName="tsp_DesignAuthorityAdmin" behavior="0" />
      <RootComponent type="80" schemaName="tsp_DesignAuthorityAdmin" behavior="0" />
      <RootComponent type="300" schemaName="tsp_generateslotsinrange_f5554" behavior="0" />
    </RootComponents>
    <MissingDependencies>
      <MissingDependency>
        <Required type="29" displayName="Child =&gt; Find OptionSetValue from Label" solution="Active" id="{51d804eb-d4e2-ed11-a7c7-002248081a5e}" />
        <Dependent type="29" displayName="Import Incoming DA Intake File" id="{f4f14a47-8ebf-ee11-9079-000d3a3479aa}" />
      </MissingDependency>
      <MissingDependency>
        <Required type="300" schemaName="cr29d_generateslots_48fbe" displayName="Generate Slots" solution="Active" />
        <Dependent type="62" schemaName="tsp_DesignAuthorityAdmin" />
      </MissingDependency>
      <MissingDependency>
        <Required type="61" schemaName="msdyn_/Images/AppModule_Default_Icon.png" displayName="msdyn_/Images/AppModule_Default_Icon.png" solution="AppModuleWebResources (2.5)" />
        <Dependent type="80" schemaName="tsp_DesignAuthorityAdmin" displayName="Design Authority Admin" />
      </MissingDependency>
      <MissingDependency>
        <Required type="66" schemaName="raw_RAW.Calendar.Calendar" displayName="raw_RAW.Calendar.Calendar" solution="CalendarControl (1.0.164)" />
        <Dependent type="26" schemaName="Calendar View" displayName="Calendar View" parentSchemaName="tsp_slot" parentDisplayName="Slot" id="{42a5bb0a-0574-ee11-9ae7-000d3a3479aa}" />
      </MissingDependency>
      <MissingDependency>
        <Required type="66" schemaName="raw_RAW.Calendar.Calendar" displayName="raw_RAW.Calendar.Calendar" solution="CalendarControl (1.0.164)" />
        <Dependent type="60" displayName="Information" parentDisplayName="Category" id="{5cd9773f-9433-4324-8fe5-ee99ccd72d7a}" />
      </MissingDependency>
      <MissingDependency>
        <Required type="66" schemaName="raw_RAW.Calendar.Calendar" displayName="raw_RAW.Calendar.Calendar" solution="CalendarControl (1.0.164)" />
        <Dependent type="68" id="{809e668f-fe89-4ff1-839a-15e05d0b14ec}" />
      </MissingDependency>
      <MissingDependency>
        <Required type="66" schemaName="raw_RAW.ColorPicker.ColorPicker" displayName="raw_RAW.ColorPicker.ColorPicker" solution="CanvasCalendar (1.0.0.4)" />
        <Dependent type="60" displayName="Information" parentDisplayName="Category" id="{5cd9773f-9433-4324-8fe5-ee99ccd72d7a}" />
      </MissingDependency>
      <MissingDependency>
        <Required type="connectionreference" displayName="tsp_sharedcommondataserviceforapps_c7122" solution="Active" id.connectionreferencelogicalname="tsp_sharedcommondataserviceforapps_c7122" />
        <Dependent type="29" displayName="Generate Slots" id="{801616b9-3a52-ee11-be6f-000d3a3479aa}" />
      </MissingDependency>
      <MissingDependency>
        <Required type="connectionreference" displayName="tsp_sharedcommondataserviceforapps_c7122" solution="Active" id.connectionreferencelogicalname="tsp_sharedcommondataserviceforapps_c7122" />
        <Dependent type="29" displayName="Generate Slots in Range" id="{85166091-7b67-ee11-9ae7-000d3a3479aa}" />
      </MissingDependency>
      <MissingDependency>
        <Required type="connectionreference" displayName="tsp_sharedcommondataserviceforapps_c7122" solution="Active" id.connectionreferencelogicalname="tsp_sharedcommondataserviceforapps_c7122" />
        <Dependent type="29" displayName="Update DA Number on Request Date change" id="{a46ba3e0-fdd6-ee11-9078-0022480badc3}" />
      </MissingDependency>
      <MissingDependency>
        <Required type="connectionreference" displayName="tsp_sharedcommondataserviceforapps_c7122" solution="Active" id.connectionreferencelogicalname="tsp_sharedcommondataserviceforapps_c7122" />
        <Dependent type="29" displayName="Send PowerPoint Upload Reminder" id="{c25e3bf7-64ca-ee11-9079-000d3a3479aa}" />
      </MissingDependency>
      <MissingDependency>
        <Required type="connectionreference" displayName="tsp_sharedcommondataserviceforapps_c7122" solution="Active" id.connectionreferencelogicalname="tsp_sharedcommondataserviceforapps_c7122" />
        <Dependent type="29" displayName="Process Review Slot Booking Event" id="{dae7bd5b-4e52-ee11-be6f-000d3a3479aa}" />
      </MissingDependency>
      <MissingDependency>
        <Required type="connectionreference" displayName="tsp_sharedcommondataserviceforapps_c7122" solution="Active" id.connectionreferencelogicalname="tsp_sharedcommondataserviceforapps_c7122" />
        <Dependent type="29" displayName="Import Incoming DA Intake File" id="{f4f14a47-8ebf-ee11-9079-000d3a3479aa}" />
      </MissingDependency>
      <MissingDependency>
        <Required type="connectionreference" displayName="tsp_sharedexcelonlinebusiness_c23c8" solution="Active" id.connectionreferencelogicalname="tsp_sharedexcelonlinebusiness_c23c8" />
        <Dependent type="29" displayName="Import Incoming DA Intake File" id="{f4f14a47-8ebf-ee11-9079-000d3a3479aa}" />
      </MissingDependency>
      <MissingDependency>
        <Required type="connectionreference" displayName="tsp_sharedoffice365_766c0" solution="Active" id.connectionreferencelogicalname="tsp_sharedoffice365_766c0" />
        <Dependent type="29" displayName="Send PowerPoint Upload Reminder" id="{c25e3bf7-64ca-ee11-9079-000d3a3479aa}" />
      </MissingDependency>
      <MissingDependency>
        <Required type="connectionreference" displayName="tsp_sharedsharepointonline_a5ec9" solution="Active" id.connectionreferencelogicalname="tsp_sharedsharepointonline_a5ec9" />
        <Dependent type="29" displayName="Import Incoming DA Intake File" id="{f4f14a47-8ebf-ee11-9079-000d3a3479aa}" />
      </MissingDependency>
    </MissingDependencies>
  </SolutionManifest>
</ImportExportXml>