{
  "properties": {
    "connectionReferences": {
      "shared_commondataserviceforapps": {
        "runtimeSource": "embedded",
        "connection": {
          "connectionReferenceLogicalName": "sd_sharedcommondataserviceforapps_43b72"
        },
        "api": {
          "name": "shared_commondataserviceforapps"
        }
      }
    },
    "definition": {
      "$schema": "https://schema.management.azure.com/providers/Microsoft.Logic/schemas/2016-06-01/workflowdefinition.json#",
      "contentVersion": "1.0.0.0",
      "parameters": {
        "$connections": {
          "defaultValue": {},
          "type": "Object"
        },
        "$authentication": {
          "defaultValue": {},
          "type": "SecureObject"
        }
      },
      "triggers": {
        "manual": {
          "metadata": {
            "operationMetadataId": "93c1f878-88e1-4418-b3b1-727f85dcd2d8"
          },
          "type": "Request",
          "kind": "Button",
          "inputs": {
            "schema": {
              "type": "object",
              "properties": {
                "text": {
                  "title": "Label",
                  "type": "string",
                  "x-ms-dynamically-added": true,
                  "description": "Please enter your input",
                  "x-ms-content-hint": "TEXT"
                },
                "text_1": {
                  "title": "Column",
                  "type": "string",
                  "x-ms-dynamically-added": true,
                  "description": "Please enter your input",
                  "x-ms-content-hint": "TEXT"
                },
                "text_2": {
                  "title": "Entity Logical Name",
                  "type": "string",
                  "x-ms-dynamically-added": true,
                  "description": "Please enter your input",
                  "x-ms-content-hint": "TEXT"
                }
              },
              "required": [
                "text",
                "text_1",
                "text_2"
              ]
            }
          }
        }
      },
      "actions": {
        "Get_all_matching_OptionSets": {
          "runAfter": {
            "Replace_Literal_": [
              "Succeeded"
            ]
          },
          "metadata": {
            "operationMetadataId": "4700bbb0-16fe-4e41-badb-b301306a1cbd"
          },
          "type": "OpenApiConnection",
          "inputs": {
            "host": {
              "connectionName": "shared_commondataserviceforapps",
              "operationId": "ListRecords",
              "apiId": "/providers/Microsoft.PowerApps/apis/shared_commondataserviceforapps"
            },
            "parameters": {
              "entityName": "stringmaps",
              "$filter": "(objecttypecode eq '@{triggerBody()['text_2']}' and attributename eq '@{triggerBody()['text_1']}' and value eq '@{outputs('Replace_Literal_')}')",
              "$top": 1
            },
            "authentication": {
              "type": "Raw",
              "value": "@json(decodeBase64(triggerOutputs().headers['X-MS-APIM-Tokens']))['$ConnectionKey']"
            }
          }
        },
        "Get_First_OptionSet_Object": {
          "runAfter": {
            "Get_all_matching_OptionSets": [
              "Succeeded"
            ]
          },
          "metadata": {
            "operationMetadataId": "5e6ee448-8685-434c-b8eb-0488164a65ac"
          },
          "type": "Compose",
          "inputs": "@first(outputs('Get_all_matching_OptionSets')?['body/value'])?['attributevalue']"
        },
        "Respond_to_a_PowerApp_or_flow": {
          "runAfter": {
            "Get_First_OptionSet_Object": [
              "Succeeded"
            ]
          },
          "metadata": {
            "operationMetadataId": "93dfbb27-b3cf-4847-8f89-cfa9e5b59534"
          },
          "type": "Response",
          "kind": "PowerApp",
          "inputs": {
            "statusCode": 200,
            "body": {
              "optionsetvalue": "@{outputs('Get_First_OptionSet_Object')}"
            },
            "schema": {
              "type": "object",
              "properties": {
                "optionsetvalue": {
                  "title": "OptionSetValue",
                  "x-ms-dynamically-added": true,
                  "type": "number"
                }
              }
            }
          }
        },
        "Replace_Literal_": {
          "runAfter": {},
          "metadata": {
            "operationMetadataId": "21a870db-868b-49f0-a03b-39789511ab21"
          },
          "type": "Compose",
          "inputs": "@replace(triggerBody()['text'],'''','''''')"
        }
      }
    },
    "templateName": ""
  },
  "schemaVersion": "1.0.0.0"
}