{
  "properties": {
    "connectionReferences": {},
    "definition": {
      "$schema": "https://schema.management.azure.com/providers/Microsoft.Logic/schemas/2016-06-01/workflowdefinition.json#",
      "contentVersion": "1.0.0.0",
      "parameters": {
        "$authentication": {
          "defaultValue": {},
          "type": "SecureObject"
        }
      },
      "triggers": {
        "manual": {
          "metadata": {
            "operationMetadataId": "95623168-ec07-4eed-9f53-6fd37e795fc6"
          },
          "type": "Request",
          "kind": "Button",
          "inputs": {
            "schema": {
              "type": "object",
              "properties": {
                "date": {
                  "title": "StartDate",
                  "type": "string",
                  "format": "date",
                  "x-ms-dynamically-added": true,
                  "description": "Please enter or select a date (YYYY-MM-DD)",
                  "x-ms-content-hint": "DATE"
                },
                "date_1": {
                  "title": "EndDate",
                  "type": "string",
                  "format": "date",
                  "x-ms-dynamically-added": true,
                  "description": "Please enter or select a date (YYYY-MM-DD)",
                  "x-ms-content-hint": "DATE"
                },
                "number": {
                  "title": "DayOfWeek",
                  "type": "number",
                  "x-ms-dynamically-added": true,
                  "description": "Please enter a number",
                  "x-ms-content-hint": "NUMBER"
                }
              },
              "required": [
                "date",
                "date_1",
                "number"
              ]
            }
          }
        }
      },
      "actions": {
        "Find_First_Weekday_in_Range": {
          "runAfter": {},
          "metadata": {
            "operationMetadataId": "f3f4f776-f548-4bec-8c74-9f7804ca38d6"
          },
          "type": "Workflow",
          "inputs": {
            "host": {
              "workflowReferenceName": "ead9c127-fb73-ee11-9ae7-000d3a3479aa"
            },
            "body": {
              "number": "@triggerBody()['number']",
              "date": "@triggerBody()['date']"
            }
          }
        },
        "Loop_Until_End_Date_is_exceeded": {
          "actions": {
            "Find_Next_WeekDay": {
              "runAfter": {},
              "metadata": {
                "operationMetadataId": "0de53148-07cf-4b4c-a6b4-357026daa60c"
              },
              "type": "Compose",
              "inputs": "@addDays(variables('vStrLoopDate'),7)"
            },
            "Add_week_to_LoopDate_variable": {
              "runAfter": {
                "Find_Next_WeekDay": [
                  "Succeeded"
                ]
              },
              "metadata": {
                "operationMetadataId": "19e8f937-0c4a-4b1a-888d-6cbc6cc40809"
              },
              "type": "SetVariable",
              "inputs": {
                "name": "vStrLoopDate",
                "value": "@{outputs('Find_Next_WeekDay')}"
              }
            },
            "Get_New_Weekday_Date_found": {
              "runAfter": {
                "Add_week_to_LoopDate_variable": [
                  "Succeeded"
                ]
              },
              "metadata": {
                "operationMetadataId": "7e14897e-32df-47b3-b69b-908815285a99"
              },
              "type": "Compose",
              "inputs": "@split(outputs('Find_Next_WeekDay'),'T')[0]"
            },
            "Create_New_String_with_all_dates_found_till_now": {
              "runAfter": {
                "Get_New_Weekday_Date_found": [
                  "Succeeded"
                ]
              },
              "metadata": {
                "operationMetadataId": "1ee75675-ca05-41ef-aff7-40ee6acdccf4"
              },
              "type": "Compose",
              "inputs": "@concat(variables('vStrDatesInRange'),',',outputs('Get_New_Weekday_Date_found'))"
            },
            "Set_Dates_In_Range_variable": {
              "runAfter": {
                "Create_New_String_with_all_dates_found_till_now": [
                  "Succeeded"
                ]
              },
              "metadata": {
                "operationMetadataId": "0012f41b-3a77-4836-813c-49e5f039bdb0"
              },
              "type": "SetVariable",
              "inputs": {
                "name": "vStrDatesInRange",
                "value": "@{outputs('Create_New_String_with_all_dates_found_till_now')}"
              }
            }
          },
          "runAfter": {
            "Initialize_LoopDate_variable": [
              "Succeeded"
            ]
          },
          "expression": "@lessOrEquals(int(split(dateDifference(variables('vStrLoopDate'), triggerBody()['date_1']), ':')[0]), 6)",
          "limit": {
            "count": 60,
            "timeout": "PT1H"
          },
          "metadata": {
            "operationMetadataId": "cef8b2f7-6d6c-4443-8b4f-5837e562df61"
          },
          "type": "Until"
        },
        "Initialize_DateString_Array_variable": {
          "runAfter": {
            "Find_First_Weekday_in_Range": [
              "Succeeded"
            ]
          },
          "metadata": {
            "operationMetadataId": "f6f1a81b-6e7a-4698-a72d-6a8166471e4e"
          },
          "type": "InitializeVariable",
          "inputs": {
            "variables": [
              {
                "name": "vStrDatesInRange",
                "type": "string",
                "value": "@{split(body('Find_First_Weekday_in_Range')?['nextdayofweek'],'T')[0]}"
              }
            ]
          }
        },
        "Initialize_LoopDate_variable": {
          "runAfter": {
            "Initialize_DateString_Array_variable": [
              "Succeeded"
            ]
          },
          "metadata": {
            "operationMetadataId": "a7ab531a-fc54-4b20-8665-282913ea6de8"
          },
          "type": "InitializeVariable",
          "inputs": {
            "variables": [
              {
                "name": "vStrLoopDate",
                "type": "string",
                "value": "@body('Find_First_Weekday_in_Range')?['nextdayofweek']"
              }
            ]
          }
        },
        "Respond_to_a_PowerApp_or_flow": {
          "runAfter": {
            "Loop_Until_End_Date_is_exceeded": [
              "Succeeded"
            ]
          },
          "metadata": {
            "operationMetadataId": "140478ec-1c31-42ea-a7cf-4829d4098ca4"
          },
          "type": "Response",
          "kind": "PowerApp",
          "inputs": {
            "statusCode": 200,
            "body": {
              "datesinrange": "@variables('vStrDatesInRange')"
            },
            "schema": {
              "type": "object",
              "properties": {
                "datesinrange": {
                  "title": "DatesInRange",
                  "x-ms-dynamically-added": true,
                  "type": "string"
                }
              }
            }
          }
        }
      }
    },
    "templateName": ""
  },
  "schemaVersion": "1.0.0.0"
}