{
  "properties": {
    "connectionReferences": {
      "shared_commondataserviceforapps": {
        "runtimeSource": "embedded",
        "connection": {
          "connectionReferenceLogicalName": "tsp_sharedcommondataserviceforapps_c7122"
        },
        "api": {
          "name": "shared_commondataserviceforapps"
        }
      }
    },
    "definition": {
      "$schema": "https://schema.management.azure.com/providers/Microsoft.Logic/schemas/2016-06-01/workflowdefinition.json#",
      "contentVersion": "1.0.0.0",
      "parameters": {
        "$connections": {
          "defaultValue": {},
          "type": "Object"
        },
        "$authentication": {
          "defaultValue": {},
          "type": "SecureObject"
        }
      },
      "triggers": {
        "manual": {
          "metadata": {
            "operationMetadataId": "6839d333-532e-43d7-8853-538e342a2856"
          },
          "type": "Request",
          "kind": "PowerApp",
          "inputs": {
            "schema": {
              "type": "object",
              "properties": {
                "InitializeFromDatevariable_Value": {
                  "type": "string",
                  "description": "Enter initial value",
                  "x-ms-powerflows-param-ispartial": false
                },
                "InitializeToDatevariable_Value": {
                  "type": "string",
                  "description": "Enter initial value",
                  "x-ms-powerflows-param-ispartial": false
                },
                "InitializeJsonDaysOfWeekselectedvariable_Value": {
                  "type": "string",
                  "description": "Enter initial value",
                  "x-ms-powerflows-param-ispartial": false
                },
                "InitializeTempNumberOfSlotsvariable_Value": {
                  "type": "string",
                  "description": "Enter initial value",
                  "x-ms-powerflows-param-ispartial": false
                }
              },
              "required": [
                "InitializeFromDatevariable_Value",
                "InitializeToDatevariable_Value",
                "InitializeJsonDaysOfWeekselectedvariable_Value",
                "InitializeTempNumberOfSlotsvariable_Value"
              ]
            }
          }
        }
      },
      "actions": {
        "Initialize_From_Date_variable": {
          "runAfter": {},
          "metadata": {
            "operationMetadataId": "2dff5797-53fd-486c-b026-5c0a47163e73"
          },
          "type": "InitializeVariable",
          "inputs": {
            "variables": [
              {
                "name": "vFromDate",
                "type": "string",
                "value": "@{triggerBody()['InitializeFromDatevariable_Value']}"
              }
            ]
          }
        },
        "Initialize_To_Date_variable": {
          "runAfter": {
            "Initialize_From_Date_variable": [
              "Succeeded"
            ]
          },
          "metadata": {
            "operationMetadataId": "1163d1b9-6bd6-48fc-adc7-987591e2f015"
          },
          "type": "InitializeVariable",
          "inputs": {
            "variables": [
              {
                "name": "vToDate",
                "type": "string",
                "value": "@{triggerBody()['InitializeToDatevariable_Value']}"
              }
            ]
          }
        },
        "Initialize_JsonDaysOfWeek_selected_variable": {
          "runAfter": {
            "Initialize_To_Date_variable": [
              "Succeeded"
            ]
          },
          "metadata": {
            "operationMetadataId": "0d57cbb1-bb08-42a9-a86c-9245d1458f59"
          },
          "type": "InitializeVariable",
          "inputs": {
            "variables": [
              {
                "name": "vJsonDaysOfWeek",
                "type": "string",
                "value": "@{triggerBody()['InitializeJsonDaysOfWeekselectedvariable_Value']}"
              }
            ]
          }
        },
        "Initialize_TempNumberOfSlots_variable": {
          "runAfter": {
            "Parse_JSONDaysOfWeek_into_Object": [
              "Succeeded"
            ]
          },
          "metadata": {
            "operationMetadataId": "66e555f5-a478-418e-8395-7e5193cf6bd7"
          },
          "type": "InitializeVariable",
          "inputs": {
            "variables": [
              {
                "name": "vTempNumberOfSlots",
                "type": "string",
                "value": "@{triggerBody()['InitializeTempNumberOfSlotsvariable_Value']}"
              }
            ]
          }
        },
        "Initialize_NumberOfSlots_variable": {
          "runAfter": {
            "Initialize_TempNumberOfSlots_variable": [
              "Succeeded"
            ]
          },
          "metadata": {
            "operationMetadataId": "e1f58d5c-c032-46e3-aaac-ff8b227217d1"
          },
          "type": "InitializeVariable",
          "inputs": {
            "variables": [
              {
                "name": "vNumberOfSlots",
                "type": "integer",
                "value": "@int(variables('vTempNumberOfSlots'))"
              }
            ]
          }
        },
        "Find_Available_Slot_Category": {
          "runAfter": {
            "Initialize_NumberOfSlots_variable": [
              "Succeeded"
            ]
          },
          "metadata": {
            "operationMetadataId": "ab3035f4-86c9-4920-b2f9-118f33bb42c8"
          },
          "type": "OpenApiConnection",
          "inputs": {
            "host": {
              "connectionName": "shared_commondataserviceforapps",
              "operationId": "ListRecords",
              "apiId": "/providers/Microsoft.PowerApps/apis/shared_commondataserviceforapps"
            },
            "parameters": {
              "entityName": "tsp_categories",
              "$filter": "(tsp_name eq 'Available')",
              "$top": 1
            },
            "authentication": {
              "type": "Raw",
              "value": "@json(decodeBase64(triggerOutputs().headers['X-MS-APIM-Tokens']))['$ConnectionKey']"
            }
          }
        },
        "Get_First_Category_Object": {
          "runAfter": {
            "Find_Available_Slot_Category": [
              "Succeeded"
            ]
          },
          "metadata": {
            "operationMetadataId": "96428cb6-c59c-4f55-a50a-96fc9fa333af"
          },
          "type": "Compose",
          "inputs": "@first(outputs('Find_Available_Slot_Category')?['body/value'])"
        },
        "Respond_to_a_PowerApp_or_flow": {
          "runAfter": {
            "Cycle_through_each_Day_of_Week_Selected": [
              "Succeeded"
            ]
          },
          "metadata": {
            "operationMetadataId": "e1e2ce36-c322-4e05-b327-bb6c1a13bdc3"
          },
          "type": "Response",
          "kind": "PowerApp",
          "inputs": {
            "statusCode": 200,
            "body": {
              "responsetext": "Slots Created"
            },
            "schema": {
              "type": "object",
              "properties": {
                "responsetext": {
                  "title": "ResponseText",
                  "x-ms-dynamically-added": true,
                  "type": "string"
                }
              }
            }
          }
        },
        "Parse_JSONDaysOfWeek_into_Object": {
          "runAfter": {
            "Initialize_JsonDaysOfWeek_selected_variable": [
              "Succeeded"
            ]
          },
          "metadata": {
            "operationMetadataId": "8b47142e-25a1-44bf-84b8-0d06dba23a06"
          },
          "type": "ParseJson",
          "inputs": {
            "content": "@variables('vJsonDaysOfWeek')",
            "schema": {
              "type": "array",
              "items": {
                "type": "object",
                "properties": {
                  "Value": {
                    "type": "integer"
                  }
                },
                "required": [
                  "Value"
                ]
              }
            }
          }
        },
        "Cycle_through_each_Day_of_Week_Selected": {
          "foreach": "@body('Parse_JSONDaysOfWeek_into_Object')",
          "actions": {
            "Extract_Day_To_Find": {
              "runAfter": {},
              "metadata": {
                "operationMetadataId": "8ff6ad6e-972a-4f4b-92b4-293687c1c2bc"
              },
              "type": "Compose",
              "inputs": "@items('Cycle_through_each_Day_of_Week_Selected')?['Value']"
            },
            "Process_Day_of_Week_Selected": {
              "actions": {
                "Set_Days_Found_Array_variable": {
                  "runAfter": {
                    "Find_Weekdays_in_Range": [
                      "Succeeded"
                    ]
                  },
                  "metadata": {
                    "operationMetadataId": "56a1a1cc-c1b8-4e5a-aa0f-e426c9499ad8"
                  },
                  "type": "SetVariable",
                  "inputs": {
                    "name": "vArrDaysFound",
                    "value": "@split(body('Find_Weekdays_in_Range')?['datesinrange'],',')"
                  }
                },
                "Process_Days_Found_in_Range": {
                  "foreach": "@variables('vArrDaysFound')",
                  "actions": {
                    "Get_Current_Date_in_Context": {
                      "runAfter": {},
                      "metadata": {
                        "operationMetadataId": "d3531435-d049-44b2-9c72-276a76267fa7"
                      },
                      "type": "Compose",
                      "inputs": "@items('Process_Days_Found_in_Range')"
                    },
                    "Do_until": {
                      "actions": {
                        "Get_Current_Slot_Start_Time_String": {
                          "runAfter": {},
                          "metadata": {
                            "operationMetadataId": "5f800458-6240-455f-a090-75a1ef6e62e1"
                          },
                          "type": "Compose",
                          "inputs": "@addHours(outputs('Get_Current_Date_in_Context'),add(15,variables('vIntSlotLoopCounter')),'yyyy-MM-ddTHH:mm:ssZ')"
                        },
                        "Increment_Slot_Loop_Counter_Variable": {
                          "runAfter": {
                            "Create_Slot_Record": [
                              "Succeeded"
                            ]
                          },
                          "metadata": {
                            "operationMetadataId": "7617e117-f9d7-47aa-87ca-002a641658d4"
                          },
                          "type": "IncrementVariable",
                          "inputs": {
                            "name": "vIntSlotLoopCounter",
                            "value": 1
                          }
                        },
                        "Get_Current_Slot_End_Time_String": {
                          "runAfter": {
                            "Get_Current_Slot_Start_Time_String": [
                              "Succeeded"
                            ]
                          },
                          "metadata": {
                            "operationMetadataId": "73bb52ee-e016-4d2f-abbb-eb6a19ab427c"
                          },
                          "type": "Compose",
                          "inputs": "@addMinutes(addHours(outputs('Get_Current_Date_in_Context'),add(15,variables('vIntSlotLoopCounter'))),15,'yyyy-MM-ddTHH:mm:ssZ')"
                        },
                        "Create_Slot_Record": {
                          "runAfter": {
                            "Get_Current_Slot_End_Time_String": [
                              "Succeeded"
                            ]
                          },
                          "metadata": {
                            "operationMetadataId": "196f36a1-00ee-4c53-ba30-ca29734e5386"
                          },
                          "type": "OpenApiConnection",
                          "inputs": {
                            "host": {
                              "connectionName": "shared_commondataserviceforapps",
                              "operationId": "CreateRecord",
                              "apiId": "/providers/Microsoft.PowerApps/apis/shared_commondataserviceforapps"
                            },
                            "parameters": {
                              "entityName": "tsp_slots",
                              "item/tsp_name": "Slot -@{add(variables('vIntSlotLoopCounter'), 1)}",
                              "item/tsp_CategoryID@odata.bind": "tsp_categories(@{outputs('Get_First_Category_Object')?['tsp_categoryid']})",
                              "item/tsp_date": "@outputs('Get_Current_Slot_Start_Time_String')",
                              "item/tsp_displaytitle": "Slot - @{add(variables('vIntSlotLoopCounter'), 1)}",
                              "item/tsp_end": "@outputs('Get_Current_Slot_End_Time_String')",
                              "item/tsp_slotnumber": "@add(variables('vIntSlotLoopCounter'), 1)",
                              "item/tsp_start": "@outputs('Get_Current_Slot_Start_Time_String')"
                            },
                            "authentication": {
                              "type": "Raw",
                              "value": "@json(decodeBase64(triggerOutputs().headers['X-MS-APIM-Tokens']))['$ConnectionKey']"
                            }
                          }
                        }
                      },
                      "runAfter": {
                        "Reinitialize_Slot_Loop_Counter": [
                          "Succeeded"
                        ]
                      },
                      "expression": "@greaterOrEquals(variables('vIntSlotLoopCounter'), variables('vNumberOfSlots'))",
                      "limit": {
                        "count": 60,
                        "timeout": "PT1H"
                      },
                      "metadata": {
                        "operationMetadataId": "8af904d2-bed7-45f2-82a7-12a21f94d7da"
                      },
                      "type": "Until"
                    },
                    "Reinitialize_Slot_Loop_Counter": {
                      "runAfter": {
                        "Get_Current_Date_in_Context": [
                          "Succeeded"
                        ]
                      },
                      "metadata": {
                        "operationMetadataId": "f5a95845-04ca-4eb7-bbbe-20347ec19282"
                      },
                      "type": "SetVariable",
                      "inputs": {
                        "name": "vIntSlotLoopCounter",
                        "value": 0
                      }
                    }
                  },
                  "runAfter": {
                    "Set_Days_Found_Array_variable": [
                      "Succeeded"
                    ]
                  },
                  "metadata": {
                    "operationMetadataId": "26b15e2e-2cd6-4ae5-b0b0-58f9bd96cb7f"
                  },
                  "type": "Foreach"
                },
                "Find_Weekdays_in_Range": {
                  "runAfter": {},
                  "metadata": {
                    "operationMetadataId": "c697c8a0-7688-4593-8b2c-23786ae49ab0"
                  },
                  "type": "Workflow",
                  "inputs": {
                    "host": {
                      "workflowReferenceName": "9300f0c8-f973-ee11-9ae7-000d3a3479aa"
                    },
                    "body": {
                      "date": "@variables('vFromDate')",
                      "date_1": "@variables('vToDate')",
                      "number": "@outputs('Extract_Day_To_Find')"
                    }
                  }
                }
              },
              "runAfter": {
                "Set_Loop_Counter_Variable_to_0": [
                  "Succeeded"
                ]
              },
              "metadata": {
                "operationMetadataId": "d7625fc6-a859-446d-bbef-915a949fb038"
              },
              "type": "Scope"
            },
            "Set_Loop_Counter_Variable_to_0": {
              "runAfter": {
                "Extract_Day_To_Find": [
                  "Succeeded"
                ]
              },
              "metadata": {
                "operationMetadataId": "d23ee0c3-5d3a-4f31-a4d3-62e918e3bb94"
              },
              "type": "SetVariable",
              "inputs": {
                "name": "vIntSlotLoopCounter",
                "value": 0
              }
            }
          },
          "runAfter": {
            "Initialize_Days_Found_variable": [
              "Succeeded"
            ]
          },
          "metadata": {
            "operationMetadataId": "0432fd1b-05bf-4f29-8673-bdae55986a5c"
          },
          "type": "Foreach"
        },
        "Initialize_Loop_Counter_variable": {
          "runAfter": {
            "Get_First_Category_Object": [
              "Succeeded"
            ]
          },
          "metadata": {
            "operationMetadataId": "1f9d6ab8-0a4e-4bca-802b-20210bbdbbc6"
          },
          "type": "InitializeVariable",
          "inputs": {
            "variables": [
              {
                "name": "vIntSlotLoopCounter",
                "type": "integer",
                "value": 0
              }
            ]
          }
        },
        "Initialize_Days_Found_variable": {
          "runAfter": {
            "Initialize_Loop_Counter_variable": [
              "Succeeded"
            ]
          },
          "metadata": {
            "operationMetadataId": "1c07dad3-7d2f-45f1-b977-132151cfbfc0"
          },
          "type": "InitializeVariable",
          "inputs": {
            "variables": [
              {
                "name": "vArrDaysFound",
                "type": "array"
              }
            ]
          }
        }
      }
    },
    "templateName": ""
  },
  "schemaVersion": "1.0.0.0"
}