{
  "properties": {
    "connectionReferences": {},
    "definition": {
      "$schema": "https://schema.management.azure.com/providers/Microsoft.Logic/schemas/2016-06-01/workflowdefinition.json#",
      "contentVersion": "1.0.0.0",
      "parameters": {
        "$authentication": {
          "defaultValue": {},
          "type": "SecureObject"
        }
      },
      "triggers": {
        "manual": {
          "metadata": {
            "operationMetadataId": "a41c7771-d521-4ff3-a9c6-b50d51fe8706"
          },
          "type": "Request",
          "kind": "Button",
          "inputs": {
            "schema": {
              "type": "object",
              "properties": {
                "number": {
                  "title": "DayOfWeek",
                  "type": "number",
                  "x-ms-dynamically-added": true,
                  "description": "Please enter a number",
                  "x-ms-content-hint": "NUMBER"
                },
                "date": {
                  "title": "StartDate",
                  "type": "string",
                  "format": "date",
                  "x-ms-dynamically-added": true,
                  "description": "Please enter or select a date (YYYY-MM-DD)",
                  "x-ms-content-hint": "DATE"
                }
              },
              "required": [
                "number",
                "date"
              ]
            }
          }
        }
      },
      "actions": {
        "Get_Start_DayOfWeek": {
          "runAfter": {},
          "metadata": {
            "operationMetadataId": "cc086fa3-4521-4d50-9c32-031fa24f692e"
          },
          "type": "Compose",
          "inputs": "@dayOfWeek(triggerBody()['date'])"
        },
        "Get_DaysToAdd": {
          "runAfter": {
            "Get_Start_DayOfWeek": [
              "Succeeded"
            ]
          },
          "metadata": {
            "operationMetadataId": "1fd15758-a5a9-4848-88b7-1a92357aa748"
          },
          "type": "Compose",
          "inputs": "@mod(add(sub(triggerBody()['number'],outputs('Get_Start_DayOfWeek')),7),7)"
        },
        "Get_Next_DayOfWeek": {
          "runAfter": {
            "Get_DaysToAdd": [
              "Succeeded"
            ]
          },
          "metadata": {
            "operationMetadataId": "5e347d77-bcab-419c-83d7-21e88dbacd82"
          },
          "type": "Compose",
          "inputs": "@addDays(triggerBody()['date'],outputs('Get_DaysToAdd'))"
        },
        "Return_Next_DayOfWeek": {
          "runAfter": {
            "Get_Next_DayOfWeek": [
              "Succeeded"
            ]
          },
          "metadata": {
            "operationMetadataId": "e47a3898-6007-430d-9db1-aaea137ccd1a"
          },
          "type": "Response",
          "kind": "PowerApp",
          "inputs": {
            "statusCode": 200,
            "body": {
              "nextdayofweek": "@{outputs('Get_Next_DayOfWeek')}"
            },
            "schema": {
              "type": "object",
              "properties": {
                "nextdayofweek": {
                  "title": "NextDayOfWeek",
                  "x-ms-dynamically-added": true,
                  "type": "string",
                  "format": "date"
                }
              }
            }
          }
        }
      }
    },
    "templateName": ""
  },
  "schemaVersion": "1.0.0.0"
}