{
  "properties": {
    "connectionReferences": {
      "shared_commondataserviceforapps": {
        "runtimeSource": "embedded",
        "connection": {
          "connectionReferenceLogicalName": "tsp_sharedcommondataserviceforapps_c7122"
        },
        "api": {
          "name": "shared_commondataserviceforapps"
        }
      }
    },
    "definition": {
      "$schema": "https://schema.management.azure.com/providers/Microsoft.Logic/schemas/2016-06-01/workflowdefinition.json#",
      "contentVersion": "1.0.0.0",
      "parameters": {
        "$connections": {
          "defaultValue": {},
          "type": "Object"
        },
        "$authentication": {
          "defaultValue": {},
          "type": "SecureObject"
        }
      },
      "triggers": {
        "When_a_row_is_added,_modified_or_deleted": {
          "metadata": {
            "operationMetadataId": "3f466ba9-ea30-4921-971f-ff9ef71115df"
          },
          "type": "OpenApiConnectionWebhook",
          "inputs": {
            "host": {
              "connectionName": "shared_commondataserviceforapps",
              "operationId": "SubscribeWebhookTrigger",
              "apiId": "/providers/Microsoft.PowerApps/apis/shared_commondataserviceforapps"
            },
            "parameters": {
              "subscriptionRequest/message": 3,
              "subscriptionRequest/entityname": "tsp_slot",
              "subscriptionRequest/scope": 4,
              "subscriptionRequest/filteringattributes": "tsp_projectstageid"
            },
            "authentication": "@parameters('$authentication')"
          }
        }
      },
      "actions": {
        "Find_Booked_Category_Record": {
          "runAfter": {},
          "metadata": {
            "operationMetadataId": "dd536e64-5384-47ac-b4cc-8cd55ae40e22"
          },
          "type": "OpenApiConnection",
          "inputs": {
            "host": {
              "connectionName": "shared_commondataserviceforapps",
              "operationId": "ListRecords",
              "apiId": "/providers/Microsoft.PowerApps/apis/shared_commondataserviceforapps"
            },
            "parameters": {
              "entityName": "tsp_categories",
              "$filter": "(tsp_name eq 'Booked')",
              "$top": 1
            },
            "authentication": "@parameters('$authentication')"
          }
        },
        "Get_First_Category_Object": {
          "runAfter": {
            "Find_Booked_Category_Record": [
              "Succeeded"
            ]
          },
          "metadata": {
            "operationMetadataId": "189a5f10-96aa-4e6e-8a31-bf10b62fe342"
          },
          "type": "Compose",
          "inputs": "@first(outputs('Find_Booked_Category_Record')?['body/value'])"
        },
        "Get_Project_Stage_Record": {
          "runAfter": {
            "Get_First_Category_Object": [
              "Succeeded"
            ]
          },
          "metadata": {
            "operationMetadataId": "b7fc4fb7-2a34-4a2f-bbbb-112d2a7c5fe0"
          },
          "type": "OpenApiConnection",
          "inputs": {
            "host": {
              "connectionName": "shared_commondataserviceforapps",
              "operationId": "GetItem",
              "apiId": "/providers/Microsoft.PowerApps/apis/shared_commondataserviceforapps"
            },
            "parameters": {
              "entityName": "tsp_projectstages",
              "recordId": "@triggerOutputs()?['body/_tsp_projectstageid_value']"
            },
            "authentication": "@parameters('$authentication')"
          }
        },
        "Get_Project": {
          "runAfter": {
            "Get_Project_Stage_Record": [
              "Succeeded"
            ]
          },
          "metadata": {
            "operationMetadataId": "7af32d04-15c7-437f-af2b-56a3332d1474"
          },
          "type": "OpenApiConnection",
          "inputs": {
            "host": {
              "connectionName": "shared_commondataserviceforapps",
              "operationId": "GetItem",
              "apiId": "/providers/Microsoft.PowerApps/apis/shared_commondataserviceforapps"
            },
            "parameters": {
              "entityName": "tsp_projects",
              "recordId": "@outputs('Get_Project_Stage_Record')?['body/_tsp_projectid_value']"
            },
            "authentication": "@parameters('$authentication')"
          }
        },
        "Create_Slot_Title": {
          "runAfter": {
            "Get_First_Project_Stage_StringMap_Object": [
              "Succeeded"
            ]
          },
          "metadata": {
            "operationMetadataId": "faffee43-61b7-48ab-bddb-602c193dbed4"
          },
          "type": "Compose",
          "inputs": "@concat(outputs('Get_Project')?['body/tsp_name'], ' - ',outputs('Get_First_Project_Stage_StringMap_Object')?['value'])"
        },
        "Find_Project_Stage_StateCode_Label": {
          "runAfter": {
            "Get_Project": [
              "Succeeded"
            ]
          },
          "metadata": {
            "operationMetadataId": "ae1884ab-385a-4877-a725-58847c23ec54"
          },
          "type": "OpenApiConnection",
          "inputs": {
            "host": {
              "connectionName": "shared_commondataserviceforapps",
              "operationId": "ListRecords",
              "apiId": "/providers/Microsoft.PowerApps/apis/shared_commondataserviceforapps"
            },
            "parameters": {
              "entityName": "stringmaps",
              "$filter": "(objecttypecode eq 'tsp_projectstage' and attributename eq 'tsp_stage' and attributevalue eq @{outputs('Get_Project_Stage_Record')?['body/tsp_stage']})",
              "$top": 1
            },
            "authentication": "@parameters('$authentication')"
          }
        },
        "Get_First_Project_Stage_StringMap_Object": {
          "runAfter": {
            "Find_Project_Stage_StateCode_Label": [
              "Succeeded"
            ]
          },
          "metadata": {
            "operationMetadataId": "7de07198-1c23-4e88-b259-36f44dc94991"
          },
          "type": "Compose",
          "inputs": "@first(outputs('Find_Project_Stage_StateCode_Label')?['body/value'])"
        },
        "Update_a_row": {
          "runAfter": {
            "Create_Slot_Title": [
              "Succeeded"
            ]
          },
          "metadata": {
            "operationMetadataId": "2d48621e-66bd-4242-865c-360e62d29557"
          },
          "type": "OpenApiConnection",
          "inputs": {
            "host": {
              "connectionName": "shared_commondataserviceforapps",
              "operationId": "UpdateRecord",
              "apiId": "/providers/Microsoft.PowerApps/apis/shared_commondataserviceforapps"
            },
            "parameters": {
              "entityName": "tsp_slots",
              "recordId": "@triggerOutputs()?['body/tsp_slotid']",
              "item/tsp_name": "@outputs('Create_Slot_Title')",
              "item/tsp_CategoryID@odata.bind": "tsp_categories(@{outputs('Get_First_Category_Object')?['tsp_categoryid']})",
              "item/tsp_displaytitle": "@outputs('Create_Slot_Title')"
            },
            "authentication": "@parameters('$authentication')"
          }
        }
      }
    },
    "templateName": ""
  },
  "schemaVersion": "1.0.0.0"
}