{
  "properties": {
    "connectionReferences": {
      "shared_commondataserviceforapps": {
        "runtimeSource": "embedded",
        "connection": {
          "connectionReferenceLogicalName": "tsp_sharedcommondataserviceforapps_c7122"
        },
        "api": {
          "name": "shared_commondataserviceforapps"
        }
      },
      "shared_office365": {
        "runtimeSource": "embedded",
        "connection": {
          "connectionReferenceLogicalName": "tsp_sharedoffice365_766c0"
        },
        "api": {
          "name": "shared_office365"
        }
      }
    },
    "definition": {
      "$schema": "https://schema.management.azure.com/providers/Microsoft.Logic/schemas/2016-06-01/workflowdefinition.json#",
      "contentVersion": "1.0.0.0",
      "parameters": {
        "$connections": {
          "defaultValue": {},
          "type": "Object"
        },
        "$authentication": {
          "defaultValue": {},
          "type": "SecureObject"
        }
      },
      "triggers": {
        "When_a_row_is_added,_modified_or_deleted": {
          "metadata": {
            "operationMetadataId": "661f0a5e-3e9a-4574-ab08-e82fdda57e1a"
          },
          "type": "OpenApiConnectionWebhook",
          "inputs": {
            "host": {
              "connectionName": "shared_commondataserviceforapps",
              "operationId": "SubscribeWebhookTrigger",
              "apiId": "/providers/Microsoft.PowerApps/apis/shared_commondataserviceforapps"
            },
            "parameters": {
              "subscriptionRequest/message": 3,
              "subscriptionRequest/entityname": "tsp_slot",
              "subscriptionRequest/scope": 4
            },
            "authentication": "@parameters('$authentication')"
          }
        }
      },
      "actions": {
        "Get_Email_Verbiage_from_Control_Table": {
          "runAfter": {},
          "metadata": {
            "operationMetadataId": "c6a7f4ec-5cb7-46ab-85da-f8cc6cb4d347"
          },
          "type": "OpenApiConnection",
          "inputs": {
            "host": {
              "connectionName": "shared_commondataserviceforapps",
              "operationId": "ListRecords",
              "apiId": "/providers/Microsoft.PowerApps/apis/shared_commondataserviceforapps"
            },
            "parameters": {
              "entityName": "tsp_controls",
              "$filter": "tsp_name eq 'PresentationReminderEmailVerbiage'",
              "$top": 1
            },
            "authentication": "@parameters('$authentication')"
          }
        },
        "Get_Verbiage_text": {
          "runAfter": {
            "Get_Email_Verbiage_from_Control_Table": [
              "Succeeded"
            ]
          },
          "metadata": {
            "operationMetadataId": "99130be9-2ad2-486e-bcfd-12ec1f0cd18a"
          },
          "type": "Compose",
          "inputs": "@first(outputs('Get_Email_Verbiage_from_Control_Table')?['body/value'])?['tsp_value']"
        },
        "Get_Project_Stage": {
          "runAfter": {
            "Get_Verbiage_text": [
              "Succeeded"
            ]
          },
          "metadata": {
            "operationMetadataId": "767ae088-c9ea-453c-a812-fec244cd82b4"
          },
          "type": "OpenApiConnection",
          "inputs": {
            "host": {
              "connectionName": "shared_commondataserviceforapps",
              "operationId": "GetItem",
              "apiId": "/providers/Microsoft.PowerApps/apis/shared_commondataserviceforapps"
            },
            "parameters": {
              "entityName": "tsp_projectstages",
              "recordId": "@triggerOutputs()?['body/_tsp_projectstageid_value']"
            },
            "authentication": "@parameters('$authentication')"
          }
        },
        "Replace_Presenter_Name_in_Email_Verbiage": {
          "runAfter": {
            "Get_Project_Stage": [
              "Succeeded"
            ]
          },
          "metadata": {
            "operationMetadataId": "9738d71d-042e-4e57-9b8d-63ffbde4521a"
          },
          "type": "Compose",
          "inputs": "@replace(outputs('Get_Verbiage_text'),'{{PresenterName}}',outputs('Get_Project_Stage')?['body/_tsp_presenter_value@OData.Community.Display.V1.FormattedValue'])"
        },
        "Get_Full_Slot_Record": {
          "runAfter": {
            "Replace_Presenter_Name_in_Email_Verbiage": [
              "Succeeded"
            ]
          },
          "metadata": {
            "operationMetadataId": "38ec63bd-94ec-45c0-9f12-e79c59333127"
          },
          "type": "OpenApiConnection",
          "inputs": {
            "host": {
              "connectionName": "shared_commondataserviceforapps",
              "operationId": "GetItem",
              "apiId": "/providers/Microsoft.PowerApps/apis/shared_commondataserviceforapps"
            },
            "parameters": {
              "entityName": "tsp_slots",
              "recordId": "@triggerOutputs()?['body/tsp_slotid']"
            },
            "authentication": "@parameters('$authentication')"
          }
        },
        "Replace_Project_Name_in_Email_Verbiage": {
          "runAfter": {
            "Get_Full_Slot_Record": [
              "Succeeded"
            ]
          },
          "metadata": {
            "operationMetadataId": "ace5e16d-f382-4580-bc58-a636805f53b4"
          },
          "type": "Compose",
          "inputs": "@replace(outputs('Replace_Presenter_Name_in_Email_Verbiage'),'{{ProjectName}}',outputs('Get_Project_Stage')?['body/_tsp_projectid_value@OData.Community.Display.V1.FormattedValue'])"
        },
        "Replace_Presentation_Date_in_Email_Verbiage": {
          "runAfter": {
            "Replace_Project_Name_in_Email_Verbiage": [
              "Succeeded"
            ]
          },
          "metadata": {
            "operationMetadataId": "7d30586f-b500-4ddf-bb02-6f079487b138"
          },
          "type": "Compose",
          "inputs": "@replace(outputs('Replace_Project_Name_in_Email_Verbiage'),'{{PresentationDate}}',outputs('Get_Full_Slot_Record')?['body/tsp_start@OData.Community.Display.V1.FormattedValue'])"
        },
        "Send_Presenter_Email_Reminder": {
          "runAfter": {
            "Get_Presenter_Record": [
              "Succeeded"
            ]
          },
          "metadata": {
            "operationMetadataId": "da62df36-89f9-4573-b3a3-6910551623d2"
          },
          "type": "OpenApiConnection",
          "inputs": {
            "host": {
              "connectionName": "shared_office365",
              "operationId": "SendEmailV2",
              "apiId": "/providers/Microsoft.PowerApps/apis/shared_office365"
            },
            "parameters": {
              "emailMessage/To": "@outputs('Get_Presenter_Record')?['body/emailaddress1']",
              "emailMessage/Subject": "Design Authority Reminder - Presentation",
              "emailMessage/Body": "<p><br>\n@{outputs('Replace_Presentation_Date_in_Email_Verbiage')}\n</p>",
              "emailMessage/Importance": "Normal"
            },
            "authentication": "@parameters('$authentication')"
          }
        },
        "Get_Presenter_Record": {
          "runAfter": {
            "Replace_Presentation_Date_in_Email_Verbiage": [
              "Succeeded"
            ]
          },
          "metadata": {
            "operationMetadataId": "f68bf2c7-6bb3-443f-b2df-43b5c6eddb28"
          },
          "type": "OpenApiConnection",
          "inputs": {
            "host": {
              "connectionName": "shared_commondataserviceforapps",
              "operationId": "GetItem",
              "apiId": "/providers/Microsoft.PowerApps/apis/shared_commondataserviceforapps"
            },
            "parameters": {
              "entityName": "contacts",
              "recordId": "@outputs('Get_Project_Stage')?['body/_tsp_presenter_value']"
            },
            "authentication": "@parameters('$authentication')"
          }
        }
      }
    },
    "templateName": ""
  },
  "schemaVersion": "1.0.0.0"
}