{
  "properties": {
    "connectionReferences": {
      "shared_commondataserviceforapps": {
        "runtimeSource": "embedded",
        "connection": {
          "connectionReferenceLogicalName": "tsp_sharedcommondataserviceforapps_c7122"
        },
        "api": {
          "name": "shared_commondataserviceforapps"
        }
      }
    },
    "definition": {
      "$schema": "https://schema.management.azure.com/providers/Microsoft.Logic/schemas/2016-06-01/workflowdefinition.json#",
      "contentVersion": "1.0.0.0",
      "parameters": {
        "$connections": {
          "defaultValue": {},
          "type": "Object"
        },
        "$authentication": {
          "defaultValue": {},
          "type": "SecureObject"
        }
      },
      "triggers": {
        "manual": {
          "metadata": {
            "operationMetadataId": "dd221a12-27b6-4dd1-90ca-6c1565a31493"
          },
          "type": "Request",
          "kind": "PowerApp",
          "inputs": {
            "schema": {
              "type": "object",
              "properties": {
                "InitializeFromDatevariable_Value": {
                  "type": "string",
                  "description": "Enter initial value",
                  "x-ms-powerflows-param-ispartial": false
                },
                "InitializeToDatevariable_Value": {
                  "type": "string",
                  "description": "Enter initial value",
                  "x-ms-powerflows-param-ispartial": false
                },
                "InitializeNumberOfSlotsvariable_Value": {
                  "type": "integer",
                  "description": "Enter initial value",
                  "x-ms-powerflows-param-ispartial": false
                }
              },
              "required": [
                "InitializeFromDatevariable_Value",
                "InitializeToDatevariable_Value",
                "InitializeNumberOfSlotsvariable_Value"
              ]
            }
          }
        }
      },
      "actions": {
        "Initialize_From_Date_variable": {
          "runAfter": {},
          "metadata": {
            "operationMetadataId": "8efb90fe-099e-4c1c-88d3-43ef94c5e2d4"
          },
          "type": "InitializeVariable",
          "inputs": {
            "variables": [
              {
                "name": "vFromDate",
                "type": "string",
                "value": "@{triggerBody()['InitializeFromDatevariable_Value']}"
              }
            ]
          }
        },
        "Initialize_To_Date_variable": {
          "runAfter": {
            "Initialize_From_Date_variable": [
              "Succeeded"
            ]
          },
          "metadata": {
            "operationMetadataId": "6b559651-eab6-4129-a117-517529b6f0ed"
          },
          "type": "InitializeVariable",
          "inputs": {
            "variables": [
              {
                "name": "vToDate",
                "type": "string",
                "value": "@{triggerBody()['InitializeToDatevariable_Value']}"
              }
            ]
          }
        },
        "Initialize_NumberOfSlots_variable": {
          "runAfter": {
            "Initialize_TempNumberOfSlots_variable": [
              "Succeeded"
            ]
          },
          "metadata": {
            "operationMetadataId": "b90ef3db-a472-4afc-9120-1aab1cc4631c"
          },
          "type": "InitializeVariable",
          "inputs": {
            "variables": [
              {
                "name": "vNumberOfSlots",
                "type": "integer",
                "value": "@int(variables('vTempNumberOfSlots'))"
              }
            ]
          }
        },
        "Respond_to_a_PowerApp_or_flow": {
          "runAfter": {
            "Process_All_Days": [
              "Succeeded"
            ]
          },
          "metadata": {
            "operationMetadataId": "691025c9-2fa8-49fe-b05d-08ff9c0a86b5"
          },
          "type": "Response",
          "kind": "PowerApp",
          "inputs": {
            "statusCode": 200,
            "body": {
              "responsetext": "Created Slots Successfully."
            },
            "schema": {
              "type": "object",
              "properties": {
                "responsetext": {
                  "title": "ResponseText",
                  "x-ms-dynamically-added": true,
                  "type": "string"
                }
              }
            }
          }
        },
        "Initialize_Loop_Counter_variable": {
          "runAfter": {
            "Initialize_NumberOfSlots_variable": [
              "Succeeded"
            ]
          },
          "metadata": {
            "operationMetadataId": "38b69e71-94a5-44c0-a66b-dcb7f74a09f9"
          },
          "type": "InitializeVariable",
          "inputs": {
            "variables": [
              {
                "name": "vIntSlotLoopCounter",
                "type": "integer",
                "value": 0
              }
            ]
          }
        },
        "Process_All_Days": {
          "actions": {
            "Get_Current_Date_in_Context": {
              "runAfter": {},
              "metadata": {
                "operationMetadataId": "b0f31d1c-34ed-45f4-8237-f7d9f82e8046"
              },
              "type": "Compose",
              "inputs": "@addDays(variables('vFromDate'),variables('vIntDayLoopCounter'))"
            },
            "Increment_Day_Loop_Counter_variable": {
              "runAfter": {
                "Process_All_Slots_for_Current_Date_in_Context": [
                  "Succeeded"
                ]
              },
              "metadata": {
                "operationMetadataId": "075be461-be95-4a4a-a8f7-d1f51d5c7f98"
              },
              "type": "IncrementVariable",
              "inputs": {
                "name": "vIntDayLoopCounter",
                "value": 1
              }
            },
            "Process_All_Slots_for_Current_Date_in_Context": {
              "actions": {
                "Process_All_Slots": {
                  "actions": {
                    "Get_Current_Slot_Start_Time_String": {
                      "runAfter": {},
                      "metadata": {
                        "operationMetadataId": "b0da70fc-322f-4447-89eb-7f50dcf9d00c"
                      },
                      "type": "Compose",
                      "inputs": "@addHours(outputs('Get_Current_Date_in_Context'),add(15,variables('vIntSlotLoopCounter')),'yyyy-MM-ddTHH:mm:ssZ')"
                    },
                    "Increment_Slot_Loop_Counter_variable": {
                      "runAfter": {
                        "Add_a_new_row": [
                          "Succeeded"
                        ]
                      },
                      "metadata": {
                        "operationMetadataId": "bcdc8761-e092-47eb-87dc-368f07464164"
                      },
                      "type": "IncrementVariable",
                      "inputs": {
                        "name": "vIntSlotLoopCounter",
                        "value": 1
                      }
                    },
                    "Get_Current_Slot_End_Time_String": {
                      "runAfter": {
                        "Get_Current_Slot_Start_Time_String": [
                          "Succeeded"
                        ]
                      },
                      "metadata": {
                        "operationMetadataId": "5024cf6f-9e95-41d2-9e3f-d630933cb524"
                      },
                      "type": "Compose",
                      "inputs": "@addMinutes(addHours(outputs('Get_Current_Date_in_Context'),add(15,variables('vIntSlotLoopCounter'))),15,'yyyy-MM-ddTHH:mm:ssZ')"
                    },
                    "Add_a_new_row": {
                      "runAfter": {
                        "Get_Current_Slot_End_Time_String": [
                          "Succeeded"
                        ]
                      },
                      "metadata": {
                        "operationMetadataId": "196f36a1-00ee-4c53-ba30-ca29734e5386"
                      },
                      "type": "OpenApiConnection",
                      "inputs": {
                        "host": {
                          "connectionName": "shared_commondataserviceforapps",
                          "operationId": "CreateRecord",
                          "apiId": "/providers/Microsoft.PowerApps/apis/shared_commondataserviceforapps"
                        },
                        "parameters": {
                          "entityName": "tsp_slots",
                          "item/tsp_name": "Slot -@{add(variables('vIntSlotLoopCounter'),1)}",
                          "item/tsp_CategoryID@odata.bind": "tsp_categories(@{outputs('Get_First_Category_Object')?['tsp_categoryid']})",
                          "item/tsp_date": "@outputs('Get_Current_Slot_Start_Time_String')",
                          "item/tsp_displaytitle": "Slot - @{add(variables('vIntSlotLoopCounter'),1)}",
                          "item/tsp_end": "@outputs('Get_Current_Slot_End_Time_String')",
                          "item/tsp_slotnumber": "@add(variables('vIntSlotLoopCounter'),1)",
                          "item/tsp_start": "@outputs('Get_Current_Slot_Start_Time_String')"
                        },
                        "authentication": {
                          "type": "Raw",
                          "value": "@json(decodeBase64(triggerOutputs().headers['X-MS-APIM-Tokens']))['$ConnectionKey']"
                        }
                      }
                    }
                  },
                  "runAfter": {},
                  "expression": "@greaterOrEquals(variables('vIntSlotLoopCounter'), variables('vNumberOfSlots'))",
                  "limit": {
                    "count": 60,
                    "timeout": "PT1H"
                  },
                  "metadata": {
                    "operationMetadataId": "38ced030-222b-4220-8c63-9d103bb83e4b"
                  },
                  "type": "Until"
                }
              },
              "runAfter": {
                "Get_Current_Date_in_Context": [
                  "Succeeded"
                ]
              },
              "metadata": {
                "operationMetadataId": "64953234-4fbf-44e7-ad63-2bc4c5f98644"
              },
              "type": "Scope"
            }
          },
          "runAfter": {
            "Get_First_Category_Object": [
              "Succeeded"
            ]
          },
          "expression": "@greaterOrEquals(variables('vIntDayLoopCounter'), variables('vIntDaysToGenerate'))",
          "limit": {
            "count": 60,
            "timeout": "PT1H"
          },
          "metadata": {
            "operationMetadataId": "c99cfb70-cfff-4fac-8134-e3b3600c6f3c"
          },
          "type": "Until"
        },
        "Initialize_Day_Loop_Counter_variable": {
          "runAfter": {
            "Initialize_Loop_Counter_variable": [
              "Succeeded"
            ]
          },
          "metadata": {
            "operationMetadataId": "29f31dad-6d7f-4d7e-84a2-2fb225542764"
          },
          "type": "InitializeVariable",
          "inputs": {
            "variables": [
              {
                "name": "vIntDayLoopCounter",
                "type": "integer",
                "value": 0
              }
            ]
          }
        },
        "Initialize_Days_To_Generate_variable": {
          "runAfter": {
            "Initialize_To_Date_variable": [
              "Succeeded"
            ]
          },
          "metadata": {
            "operationMetadataId": "0cf3f035-d2c9-4382-8225-764862c63c57"
          },
          "type": "InitializeVariable",
          "inputs": {
            "variables": [
              {
                "name": "vIntDaysToGenerate",
                "type": "integer",
                "value": "@if(equals(dateDifference(triggerBody()['InitializeFromDatevariable_Value'],triggerBody()['InitializeToDatevariable_Value']),'00:00:00'),1,int(split(dateDifference(triggerBody()['InitializeFromDatevariable_Value'],triggerBody()['InitializeToDatevariable_Value']),'.')?[0]))"
              }
            ]
          }
        },
        "Initialize_TempNumberOfSlots_variable": {
          "runAfter": {
            "Initialize_Days_To_Generate_variable": [
              "Succeeded"
            ]
          },
          "metadata": {
            "operationMetadataId": "6d5020bf-baa4-4cbc-b5e6-7f7b2bf113f1"
          },
          "type": "InitializeVariable",
          "inputs": {
            "variables": [
              {
                "name": "vTempNumberOfSlots",
                "type": "string",
                "value": "@{triggerBody()['InitializeNumberOfSlotsvariable_Value']}"
              }
            ]
          }
        },
        "Find_Available_Slot_Category": {
          "runAfter": {
            "Initialize_Day_Loop_Counter_variable": [
              "Succeeded"
            ]
          },
          "metadata": {
            "operationMetadataId": "fda6c845-89f3-4cbe-8157-5a87c6e32420"
          },
          "type": "OpenApiConnection",
          "inputs": {
            "host": {
              "connectionName": "shared_commondataserviceforapps",
              "operationId": "ListRecords",
              "apiId": "/providers/Microsoft.PowerApps/apis/shared_commondataserviceforapps"
            },
            "parameters": {
              "entityName": "tsp_categories",
              "$filter": "(tsp_name eq 'Available')",
              "$top": 1
            },
            "authentication": {
              "type": "Raw",
              "value": "@json(decodeBase64(triggerOutputs().headers['X-MS-APIM-Tokens']))['$ConnectionKey']"
            }
          }
        },
        "Get_First_Category_Object": {
          "runAfter": {
            "Find_Available_Slot_Category": [
              "Succeeded"
            ]
          },
          "metadata": {
            "operationMetadataId": "b863e8f3-803d-4648-b34d-926dc30a1df0"
          },
          "type": "Compose",
          "inputs": "@first(outputs('Find_Available_Slot_Category')?['body/value'])"
        }
      }
    },
    "templateName": ""
  },
  "schemaVersion": "1.0.0.0"
}