{
  "properties": {
    "connectionReferences": {
      "shared_excelonlinebusiness": {
        "runtimeSource": "embedded",
        "connection": {
          "connectionReferenceLogicalName": "tsp_sharedexcelonlinebusiness_c23c8"
        },
        "api": {
          "name": "shared_excelonlinebusiness"
        }
      },
      "shared_commondataserviceforapps": {
        "runtimeSource": "embedded",
        "connection": {
          "connectionReferenceLogicalName": "tsp_sharedcommondataserviceforapps_c7122"
        },
        "api": {
          "name": "shared_commondataserviceforapps"
        }
      },
      "shared_sharepointonline": {
        "runtimeSource": "embedded",
        "connection": {
          "connectionReferenceLogicalName": "tsp_sharedsharepointonline_a5ec9"
        },
        "api": {
          "name": "shared_sharepointonline"
        }
      }
    },
    "definition": {
      "$schema": "https://schema.management.azure.com/providers/Microsoft.Logic/schemas/2016-06-01/workflowdefinition.json#",
      "contentVersion": "1.0.0.0",
      "parameters": {
        "$connections": {
          "defaultValue": {},
          "type": "Object"
        },
        "$authentication": {
          "defaultValue": {},
          "type": "SecureObject"
        }
      },
      "triggers": {
        "When_a_file_is_created_(properties_only)": {
          "recurrence": {
            "interval": 1,
            "frequency": "Minute"
          },
          "splitOn": "@triggerOutputs()?['body/value']",
          "metadata": {
            "operationMetadataId": "85f9cac3-7f92-4b3c-874e-772460410733"
          },
          "type": "OpenApiConnection",
          "inputs": {
            "host": {
              "connectionName": "shared_sharepointonline",
              "operationId": "GetOnNewFileItems",
              "apiId": "/providers/Microsoft.PowerApps/apis/shared_sharepointonline"
            },
            "parameters": {
              "dataset": "https://d365demots067665.sharepoint.com/sites/DeltaDental",
              "table": "695f4a96-1d95-477d-9c98-21fca7afcf0d",
              "folderPath": "/Shared Documents/Design Authority/Project Intake"
            },
            "authentication": "@parameters('$authentication')"
          }
        }
      },
      "actions": {
        "List_rows_present_in_a_table": {
          "runAfter": {},
          "metadata": {
            "016G6YTBWATCQEDJVIL5FZEUEC3F366RM4": "/Molina/Design Authority/Incoming Request/Design Authority Intake.xlsx",
            "operationMetadataId": "903b899f-8d41-40d1-be96-61184a41bca5",
            "tableId": "@concat('ProjectDetails')",
            "016G6YTBR5DD3AGO3ZVVEI44JMMYCSSSPZ": "/Molina/Design Authority/Incoming Request/Design Authority Intake Sample.xlsx",
            "016G6YTBVS7QALOHICFJDYKIGB535BPEKZ": "/Molina/Design Authority/Incoming Request/Design Authority Intake Sample11.xlsx",
            "016G6YTBRJWLWXQ5MSYNHKSU34PEPSQJKU": "/Molina/Design Authority/Incoming Request/Design Authority Intake Sample -3.xlsx",
            "016G6YTBXNOB2DGG3GLZFYIEADHTSKBSLF": "/Molina/Design Authority/Incoming Request/Design Authority Intake Sample - 5.xlsx",
            "016G6YTBQRD2UTSGJOKVAZI3UWGWOJHCHJ": "/Molina/Design Authority/Incoming Request/Design Authority Intake Sample - 6.xlsx"
          },
          "type": "OpenApiConnection",
          "inputs": {
            "host": {
              "connectionName": "shared_excelonlinebusiness",
              "operationId": "GetItems",
              "apiId": "/providers/Microsoft.PowerApps/apis/shared_excelonlinebusiness"
            },
            "parameters": {
              "source": "groups/70db425a-6961-4738-ac9a-af070f541a8e",
              "drive": "b!518Dl-NBo0mAHfEeXylDp36AqIfH90VJlpFGQX5PdjGWSl9plR19R5yYIfynr88N",
              "file": "@triggerOutputs()?['body/{FullPath}']",
              "table": "@concat('ProjectDetails')"
            },
            "authentication": "@parameters('$authentication')"
          }
        },
        "Get_Values_Element_from_JSON": {
          "runAfter": {
            "List_rows_present_in_a_table": [
              "Succeeded"
            ]
          },
          "metadata": {
            "operationMetadataId": "a72c4f41-1edd-4d59-8439-314bafd539fb"
          },
          "type": "Compose",
          "inputs": "@outputs('List_rows_present_in_a_table')?['body/value']"
        },
        "Get_DA_ID": {
          "runAfter": {
            "Get_Values_Element_from_JSON": [
              "Succeeded"
            ]
          },
          "metadata": {
            "operationMetadataId": "83def24b-8594-4470-bc44-a506e7db1bd6"
          },
          "type": "Compose",
          "inputs": "@outputs('Get_Values_Element_from_JSON')?[0]?['Data']"
        },
        "Get_Initiative_ID": {
          "runAfter": {
            "Get_DA_ID": [
              "Succeeded"
            ]
          },
          "metadata": {
            "operationMetadataId": "cf8a5538-9c9b-4a31-ad2b-d1c8116a50fa"
          },
          "type": "Compose",
          "inputs": "@outputs('Get_Values_Element_from_JSON')?[1]?['Data']"
        },
        "Get_Initiative_Type": {
          "runAfter": {
            "Get_Initiative_ID": [
              "Succeeded"
            ]
          },
          "metadata": {
            "operationMetadataId": "494872e2-7149-4d5e-abd2-312ae750a858"
          },
          "type": "Compose",
          "inputs": "@outputs('Get_Values_Element_from_JSON')?[2]?['Data']"
        },
        "Get_Initiative_Name": {
          "runAfter": {
            "Get_Initiative_Type_OptionSetValue": [
              "Succeeded"
            ]
          },
          "metadata": {
            "operationMetadataId": "b70658fe-a677-47b7-b0c5-e7ae364a5369"
          },
          "type": "Compose",
          "inputs": "@outputs('Get_Values_Element_from_JSON')?[3]?['Data']"
        },
        "Get_Initiative_Summary": {
          "runAfter": {
            "Get_Initiative_Name": [
              "Succeeded"
            ]
          },
          "metadata": {
            "operationMetadataId": "f61ba75c-0238-46e8-b7c3-56e8d7fa31ec"
          },
          "type": "Compose",
          "inputs": "@outputs('Get_Values_Element_from_JSON')?[4]?['Data']"
        },
        "Get_Project_Manager": {
          "runAfter": {
            "Get_Initiative_Summary": [
              "Succeeded"
            ]
          },
          "metadata": {
            "operationMetadataId": "8abc00e5-d4ef-436b-9601-27a128208306"
          },
          "type": "Compose",
          "inputs": "@outputs('Get_Values_Element_from_JSON')?[5]?['Data']"
        },
        "Get_Estimate": {
          "runAfter": {
            "Get_Project_Manager_Contact_Id": [
              "Succeeded"
            ]
          },
          "metadata": {
            "operationMetadataId": "bd87062f-d781-40ff-89ec-fa3951f2d432"
          },
          "type": "Compose",
          "inputs": "@outputs('Get_Values_Element_from_JSON')?[6]?['Data']"
        },
        "Get_Budget": {
          "runAfter": {
            "Get_Estimate": [
              "Succeeded"
            ]
          },
          "metadata": {
            "operationMetadataId": "04e78b2b-6007-4cd1-ade3-a2f64f4f4c58"
          },
          "type": "Compose",
          "inputs": "@outputs('Get_Values_Element_from_JSON')?[7]?['Data']"
        },
        "Get_Tower": {
          "runAfter": {
            "Get_Budget": [
              "Succeeded"
            ]
          },
          "metadata": {
            "operationMetadataId": "04fb59d5-9184-4d48-a676-72fdfebc1cac"
          },
          "type": "Compose",
          "inputs": "@outputs('Get_Values_Element_from_JSON')?[8]?['Data']"
        },
        "Get_Tower_SLT": {
          "runAfter": {
            "Get_Tower": [
              "Succeeded"
            ]
          },
          "metadata": {
            "operationMetadataId": "d62d3314-d7d5-4f4e-86cd-ed27426df019"
          },
          "type": "Compose",
          "inputs": "@outputs('Get_Values_Element_from_JSON')?[9]?['Data']"
        },
        "Get_Tower_Director": {
          "runAfter": {
            "Get_Tower_SLT": [
              "Succeeded"
            ]
          },
          "metadata": {
            "operationMetadataId": "30dec62a-21e1-4198-84f0-af8a92858004"
          },
          "type": "Compose",
          "inputs": "@outputs('Get_Values_Element_from_JSON')?[10]?['Data']"
        },
        "Get_Presenter": {
          "runAfter": {
            "Get_Tower_Director_Contact_ID": [
              "Succeeded"
            ]
          },
          "metadata": {
            "operationMetadataId": "03bdda32-64d0-4111-a275-9f293590b80d"
          },
          "type": "Compose",
          "inputs": "@outputs('Get_Values_Element_from_JSON')?[11]?['Data']"
        },
        "Get_Additional_People_Required": {
          "runAfter": {
            "Get_Presenter_Contact_ID_": [
              "Succeeded"
            ]
          },
          "metadata": {
            "operationMetadataId": "a34e038c-2614-4bbd-b81e-3bb0cff9193a"
          },
          "type": "Compose",
          "inputs": "@outputs('Get_Values_Element_from_JSON')?[12]?['Data']"
        },
        "Get_Phase": {
          "runAfter": {
            "Get_Additional_People_Required": [
              "Succeeded"
            ]
          },
          "metadata": {
            "operationMetadataId": "54a2a634-4283-4402-a119-b6742fbeb92d"
          },
          "type": "Compose",
          "inputs": "@outputs('Get_Values_Element_from_JSON')?[13]?['Data']"
        },
        "Get_Production_Data_Required": {
          "runAfter": {
            "Get_Phase_OptionSetValue": [
              "Succeeded"
            ]
          },
          "metadata": {
            "operationMetadataId": "23bb8450-320b-43df-bb6a-33d433352183"
          },
          "type": "Compose",
          "inputs": "@outputs('Get_Values_Element_from_JSON')?[14]?['Data']"
        },
        "Get_Initiative_Type_OptionSetValue": {
          "runAfter": {
            "Get_Initiative_Type": [
              "Succeeded"
            ]
          },
          "metadata": {
            "operationMetadataId": "3871dde5-8195-43b7-9da8-1a506219fcd3"
          },
          "type": "Workflow",
          "inputs": {
            "host": {
              "workflowReferenceName": "51d804eb-d4e2-ed11-a7c7-002248081a5e"
            },
            "body": {
              "text": "@outputs('Get_Initiative_Type')",
              "text_1": "tsp_initiativetype",
              "text_2": "tsp_projectstage"
            }
          }
        },
        "Get_Project_Manager_Records": {
          "runAfter": {
            "Get_Project_Manager": [
              "Succeeded"
            ]
          },
          "metadata": {
            "operationMetadataId": "b61d9744-1121-4391-8956-ea030274c458"
          },
          "type": "OpenApiConnection",
          "inputs": {
            "host": {
              "connectionName": "shared_commondataserviceforapps",
              "operationId": "ListRecords",
              "apiId": "/providers/Microsoft.PowerApps/apis/shared_commondataserviceforapps"
            },
            "parameters": {
              "entityName": "contacts",
              "$filter": "(emailaddress1 eq '@{outputs('Get_Project_Manager')}')",
              "$top": 1
            },
            "authentication": "@parameters('$authentication')"
          }
        },
        "Get_Project_Manager_Contact_Id": {
          "runAfter": {
            "Get_Project_Manager_Records": [
              "Succeeded"
            ]
          },
          "metadata": {
            "operationMetadataId": "ef0274fb-53f8-411d-97eb-f654a5835260"
          },
          "type": "Compose",
          "inputs": "@first(outputs('Get_Project_Manager_Records')?['body/value'])?['contactid']"
        },
        "Get_Tower_Director_Records": {
          "runAfter": {
            "Get_Tower_Director": [
              "Succeeded"
            ]
          },
          "metadata": {
            "operationMetadataId": "b61d9744-1121-4391-8956-ea030274c458"
          },
          "type": "OpenApiConnection",
          "inputs": {
            "host": {
              "connectionName": "shared_commondataserviceforapps",
              "operationId": "ListRecords",
              "apiId": "/providers/Microsoft.PowerApps/apis/shared_commondataserviceforapps"
            },
            "parameters": {
              "entityName": "contacts",
              "$filter": "(emailaddress1 eq '@{outputs('Get_Tower_Director')}')",
              "$top": 1
            },
            "authentication": "@parameters('$authentication')"
          }
        },
        "Get_Tower_Director_Contact_ID": {
          "runAfter": {
            "Get_Tower_Director_Records": [
              "Succeeded"
            ]
          },
          "metadata": {
            "operationMetadataId": "ef0274fb-53f8-411d-97eb-f654a5835260"
          },
          "type": "Compose",
          "inputs": "@first(outputs('Get_Tower_Director_Records')?['body/value'])?['contactid']"
        },
        "Get_Presenter_Records_": {
          "runAfter": {
            "Get_Presenter": [
              "Succeeded"
            ]
          },
          "metadata": {
            "operationMetadataId": "b61d9744-1121-4391-8956-ea030274c458"
          },
          "type": "OpenApiConnection",
          "inputs": {
            "host": {
              "connectionName": "shared_commondataserviceforapps",
              "operationId": "ListRecords",
              "apiId": "/providers/Microsoft.PowerApps/apis/shared_commondataserviceforapps"
            },
            "parameters": {
              "entityName": "contacts",
              "$filter": "(emailaddress1 eq '@{outputs('Get_Presenter')}')",
              "$top": 1
            },
            "authentication": "@parameters('$authentication')"
          }
        },
        "Get_Presenter_Contact_ID_": {
          "runAfter": {
            "Get_Presenter_Records_": [
              "Succeeded"
            ]
          },
          "metadata": {
            "operationMetadataId": "ef0274fb-53f8-411d-97eb-f654a5835260"
          },
          "type": "Compose",
          "inputs": "@first(outputs('Get_Presenter_Records_')?['body/value'])?['contactid']"
        },
        "Get_Phase_OptionSetValue": {
          "runAfter": {
            "Get_Phase": [
              "Succeeded"
            ]
          },
          "metadata": {
            "operationMetadataId": "3871dde5-8195-43b7-9da8-1a506219fcd3"
          },
          "type": "Workflow",
          "inputs": {
            "host": {
              "workflowReferenceName": "51d804eb-d4e2-ed11-a7c7-002248081a5e"
            },
            "body": {
              "text": "@outputs('Get_Phase')",
              "text_1": "tsp_stage",
              "text_2": "tsp_projectstage"
            }
          }
        },
        "Get_Production_Data_Required_Boolean": {
          "runAfter": {
            "Format_Request_Date": [
              "Succeeded"
            ]
          },
          "metadata": {
            "operationMetadataId": "8cc4503a-7938-497d-b9b5-9e2df5262bcf"
          },
          "type": "Compose",
          "inputs": "@if(equals(outputs('Get_Production_Data_Required'), 'Yes'),true, false)"
        },
        "Get_Project_Rows_by_DA_ID": {
          "runAfter": {
            "Get_Production_Data_Required_Boolean": [
              "Succeeded"
            ]
          },
          "metadata": {
            "operationMetadataId": "937de353-01f8-4971-a5c8-55495b003dbe"
          },
          "type": "OpenApiConnection",
          "inputs": {
            "host": {
              "connectionName": "shared_commondataserviceforapps",
              "operationId": "ListRecords",
              "apiId": "/providers/Microsoft.PowerApps/apis/shared_commondataserviceforapps"
            },
            "parameters": {
              "entityName": "tsp_projects",
              "$filter": "tsp_projectnumber eq '@{outputs('Get_DA_ID')}'",
              "$top": 1
            },
            "authentication": "@parameters('$authentication')"
          }
        },
        "Get_Project_ID": {
          "runAfter": {
            "Get_Project_Rows_by_DA_ID": [
              "Succeeded"
            ]
          },
          "metadata": {
            "operationMetadataId": "0cf56389-95aa-47ad-82ca-2a86fbc9bf1e"
          },
          "type": "Compose",
          "inputs": "@first(outputs('Get_Project_Rows_by_DA_ID')?['body/value'])?['tsp_projectid']"
        },
        "Create_Project_Stage_record": {
          "runAfter": {
            "Get_Project_ID": [
              "Succeeded"
            ]
          },
          "metadata": {
            "operationMetadataId": "4c6b47e8-c931-43f4-bd87-5742ea6edfb1"
          },
          "type": "OpenApiConnection",
          "inputs": {
            "host": {
              "connectionName": "shared_commondataserviceforapps",
              "operationId": "CreateRecord",
              "apiId": "/providers/Microsoft.PowerApps/apis/shared_commondataserviceforapps"
            },
            "parameters": {
              "entityName": "tsp_projectstages",
              "item/tsp_additionalpeople": "@outputs('Get_Additional_People_Required')",
              "item/tsp_budget": "@outputs('Get_Budget')",
              "item/tsp_dadate": "@outputs('Format_DA_Date')",
              "item/tsp_estimate": "@outputs('Get_Estimate')",
              "item/tsp_initiativeid": "@outputs('Get_Initiative_ID')",
              "item/tsp_initiativename": "@outputs('Get_Initiative_Name')",
              "item/tsp_initiativesummary": "@outputs('Get_Initiative_Summary')",
              "item/tsp_initiativetype": "@body('Get_Initiative_Type_OptionSetValue')?['optionsetvalue']",
              "item/tsp_name": "@outputs('Format_Stage_ID')",
              "item/tsp_parentdaid": "@outputs('Format_Stage_ID')",
              "item/tsp_Presenter@odata.bind": "contacts(@{outputs('Get_Presenter_Contact_ID_')})",
              "item/tsp_productiondatarequired": "@outputs('Get_Production_Data_Required_Boolean')",
              "item/tsp_ProjectID@odata.bind": "tsp_projects(@{outputs('Get_Project_ID')})",
              "item/tsp_ProjectManager@odata.bind": "contacts(@{outputs('Get_Project_Manager_Contact_Id')})",
              "item/tsp_requestdate": "@outputs('Format_Request_Date')",
              "item/tsp_stage": "@body('Get_Phase_OptionSetValue')?['optionsetvalue']",
              "item/tsp_tower": "@outputs('Get_Tower')",
              "item/tsp_TowerDirector@odata.bind": "contacts(@{outputs('Get_Tower_Director_Contact_ID')})",
              "item/tsp_towerslt": "@outputs('Get_Tower_SLT')"
            },
            "authentication": "@parameters('$authentication')"
          }
        },
        "Get_DA_Date": {
          "runAfter": {
            "Get_Production_Data_Required": [
              "Succeeded"
            ]
          },
          "metadata": {
            "operationMetadataId": "bb0b6d7e-eb9e-45b9-8229-3457feb647bf"
          },
          "type": "Compose",
          "inputs": "@outputs('Get_Values_Element_from_JSON')?[15]?['Data']"
        },
        "Get_Request_Date": {
          "runAfter": {
            "Format_Stage_ID": [
              "Succeeded"
            ]
          },
          "metadata": {
            "operationMetadataId": "85899fd0-be07-428f-b693-670daec07145"
          },
          "type": "Compose",
          "inputs": "@outputs('Get_Values_Element_from_JSON')?[16]?['Data']"
        },
        "Format_DA_Date": {
          "runAfter": {
            "Get_DA_Date": [
              "Succeeded"
            ]
          },
          "metadata": {
            "operationMetadataId": "d416af20-da55-44c5-9a64-2573e53dd30b"
          },
          "type": "Compose",
          "inputs": "@addDays('12/30/1899',int(outputs('Get_DA_Date')),'yyyy-MM-dd')"
        },
        "Format_Request_Date": {
          "runAfter": {
            "Get_Request_Date": [
              "Succeeded"
            ]
          },
          "metadata": {
            "operationMetadataId": "ea1a984d-fa34-47d6-9220-3069331374af"
          },
          "type": "Compose",
          "inputs": "@addDays('12/30/1899',int(outputs('Get_Request_Date')),'yyyy-MM-dd')"
        },
        "Format_Stage_ID": {
          "runAfter": {
            "Format_DA_Date": [
              "Succeeded"
            ]
          },
          "metadata": {
            "operationMetadataId": "ecc00186-e38b-4258-bd59-ca074fef0796"
          },
          "type": "Compose",
          "inputs": "@concat('DA-', formatDateTime(parseDateTime(outputs('Format_DA_Date')), 'yyyy', 'en-US'), formatDateTime(parseDateTime(outputs('Format_DA_Date')), 'MM', 'en-US'), formatDateTime(parseDateTime(outputs('Format_DA_Date')), 'dd', 'en-US'))"
        }
      }
    },
    "templateName": ""
  },
  "schemaVersion": "1.0.0.0"
}