{
  "properties": {
    "connectionReferences": {
      "shared_commondataserviceforapps": {
        "runtimeSource": "embedded",
        "connection": {
          "connectionReferenceLogicalName": "tsp_sharedcommondataserviceforapps_c7122"
        },
        "api": {
          "name": "shared_commondataserviceforapps"
        }
      }
    },
    "definition": {
      "$schema": "https://schema.management.azure.com/providers/Microsoft.Logic/schemas/2016-06-01/workflowdefinition.json#",
      "contentVersion": "1.0.0.0",
      "parameters": {
        "$connections": {
          "defaultValue": {},
          "type": "Object"
        },
        "$authentication": {
          "defaultValue": {},
          "type": "SecureObject"
        }
      },
      "triggers": {
        "When_a_row_is_added,_modified_or_deleted": {
          "metadata": {
            "operationMetadataId": "00308a03-834b-4b99-bda2-20ac2d4f0dae"
          },
          "type": "OpenApiConnectionWebhook",
          "inputs": {
            "host": {
              "connectionName": "shared_commondataserviceforapps",
              "operationId": "SubscribeWebhookTrigger",
              "apiId": "/providers/Microsoft.PowerApps/apis/shared_commondataserviceforapps"
            },
            "parameters": {
              "subscriptionRequest/message": 3,
              "subscriptionRequest/entityname": "tsp_projectstage",
              "subscriptionRequest/scope": 4,
              "subscriptionRequest/filteringattributes": "tsp_requestdate"
            },
            "authentication": "@parameters('$authentication')"
          }
        }
      },
      "actions": {
        "Get_Full_Project_Stage_Record": {
          "runAfter": {},
          "metadata": {
            "operationMetadataId": "c14ad943-a3de-420d-b0a5-ce0acb67e4cc"
          },
          "type": "OpenApiConnection",
          "inputs": {
            "host": {
              "connectionName": "shared_commondataserviceforapps",
              "operationId": "GetItem",
              "apiId": "/providers/Microsoft.PowerApps/apis/shared_commondataserviceforapps"
            },
            "parameters": {
              "entityName": "tsp_projectstages",
              "recordId": "@triggerOutputs()?['body/tsp_projectstageid']"
            },
            "authentication": "@parameters('$authentication')"
          }
        },
        "Get_New_DA_ID_based_on_Date": {
          "runAfter": {
            "Get_Full_Project_Stage_Record": [
              "Succeeded"
            ]
          },
          "metadata": {
            "operationMetadataId": "01bcfa2b-818d-424f-bc03-cdbaf504263a"
          },
          "type": "Compose",
          "inputs": "@concat('DA-', formatDateTime(parseDateTime(outputs('Get_Full_Project_Stage_Record')?['body/tsp_requestdate']), 'yyyy', 'en-US'), formatDateTime(parseDateTime(outputs('Get_Full_Project_Stage_Record')?['body/tsp_requestdate']), 'MM', 'en-US'), formatDateTime(parseDateTime(outputs('Get_Full_Project_Stage_Record')?['body/tsp_requestdate']), 'dd', 'en-US'))"
        },
        "Update_DA_ID": {
          "runAfter": {
            "Get_New_DA_ID_based_on_Date": [
              "Succeeded"
            ]
          },
          "metadata": {
            "operationMetadataId": "c6b41786-fa1c-4c68-a152-dbde66222e6a"
          },
          "type": "OpenApiConnection",
          "inputs": {
            "host": {
              "connectionName": "shared_commondataserviceforapps",
              "operationId": "UpdateRecord",
              "apiId": "/providers/Microsoft.PowerApps/apis/shared_commondataserviceforapps"
            },
            "parameters": {
              "entityName": "tsp_projectstages",
              "recordId": "@outputs('Get_Full_Project_Stage_Record')?['body/tsp_projectstageid']",
              "item/tsp_name": "@outputs('Get_New_DA_ID_based_on_Date')"
            },
            "authentication": "@parameters('$authentication')"
          }
        }
      }
    },
    "templateName": ""
  },
  "schemaVersion": "1.0.0.0"
}