{"name":"884dc3a9-8688-4e1f-89e7-b0062d855447","id":"/providers/Microsoft.Flow/flows/884dc3a9-8688-4e1f-89e7-b0062d855447","type":"Microsoft.Flow/flows","properties":{"apiId":"/providers/Microsoft.PowerApps/apis/shared_logicflows","displayName":"Send Report to Roster Members","definition":{"metadata":{"workflowEntityId":null,"processAdvisorMetadata":null,"flowChargedByPaygo":null,"flowclientsuspensionreason":"None","flowclientsuspensiontime":null,"flowclientsuspensionreasondetails":null,"creator":{"id":"b8538f1b-3e91-40bd-913b-f80b5e470f27","type":"User","tenantId":"c5fb6007-0035-44bf-bfa3-128d452518a5"},"provisioningMethod":"FromDefinition","failureAlertSubscription":true,"clientLastModifiedTime":"2024-02-29T14:01:38.5758654Z","connectionKeySavedTimeKey":"2024-02-29T14:01:38.5758654Z"},"$schema":"https://schema.management.azure.com/providers/Microsoft.Logic/schemas/2016-06-01/workflowdefinition.json#","contentVersion":"1.0.0.0","parameters":{"$connections":{"defaultValue":{},"type":"Object"},"$authentication":{"defaultValue":{},"type":"SecureObject"},"dynamicscrmonline.organizationName":{"defaultValue":"","type":"String"},"dynamicscrmonline.entityName":{"defaultValue":"","type":"String"}},"triggers":{"manual":{"splitOn":"@triggerBody()['rows']","metadata":{"operationMetadataId":"34c05b79-d075-4d1e-8fc2-1f32c50dcf1c"},"type":"Request","kind":"ApiConnection","inputs":{"schema":{"type":"object","properties":{"rows":{"type":"array","items":{"type":"object","properties":{"entity":{"type":"object","properties":{"tsp_projectstageid":{"title":"Project Stage","type":"string","format":"guid"}},"required":["tsp_projectstageid"]}},"required":["entity"]}}},"required":["rows"]},"host":{"connection":{"name":"@parameters('$connections')['shared_commondataservice']['connectionId']"},"api":{"runtimeUrl":"https://flow-apim-unitedstates-002-eastus-01.azure-apim.net/apim/commondataservice"}},"operationId":"GetOnNewItems_V2","parameters":{"dataset":"default.cds","table":"tsp_projectstages"}}}},"actions":{"Get_Project_Stage":{"runAfter":{},"metadata":{"operationMetadataId":"66dba7d0-7501-4ce2-8e2b-3ed531784f27"},"type":"OpenApiConnection","inputs":{"host":{"apiId":"/providers/Microsoft.PowerApps/apis/shared_commondataserviceforapps","connectionName":"shared_commondataserviceforapps","operationId":"GetItem"},"parameters":{"entityName":"tsp_projectstages","recordId":"@triggerBody()?['entity']?['tsp_projectstageid']"},"authentication":"@parameters('$authentication')"}},"Get_Action_Items":{"runAfter":{"Get_Project_Stage":["Succeeded"]},"metadata":{"operationMetadataId":"62527e3d-d550-49dc-9715-789fceadbc7b"},"type":"OpenApiConnection","inputs":{"host":{"apiId":"/providers/Microsoft.PowerApps/apis/shared_commondataserviceforapps","connectionName":"shared_commondataserviceforapps","operationId":"ListRecords"},"parameters":{"entityName":"tsp_actionitems","$filter":"(_tsp_projectstage_value eq '@{triggerBody()?['entity']?['tsp_projectstageid']}')"},"authentication":"@parameters('$authentication')"}},"Shape_Action_Item_Array":{"runAfter":{"Get_Action_Items":["Succeeded"]},"metadata":{"operationMetadataId":"bb136863-7255-4785-a987-39651780c14a"},"type":"Select","inputs":{"from":"@outputs('Get_Action_Items')?['body/value']","select":{"ActionFrom":"@item()?['_tsp_assignedby_value@OData.Community.Display.V1.FormattedValue']","ActionItem":"@item()?['tsp_description']","ActionDueDate":"@if(equals(item()?['tsp_duedate'], null), null, formatDateTime(parseDateTime(item()?['tsp_duedate']), 'MM/dd/yyyy', 'en-US'))","ActionOwner":"@item()?['_tsp_assignedto_value@OData.Community.Display.V1.FormattedValue']","ActionCompletedDate":"@if(equals(item()?['tsp_closeddate'], null), null, formatDateTime(parseDateTime(item()?['tsp_closeddate']), 'MM/dd/yyyy', 'en-US'))"}}},"Get_Recommendations":{"runAfter":{"Shape_Action_Item_Array":["Succeeded"]},"metadata":{"operationMetadataId":"0fa41e82-5e0e-45f1-be96-856113b3ba1c"},"type":"OpenApiConnection","inputs":{"host":{"apiId":"/providers/Microsoft.PowerApps/apis/shared_commondataserviceforapps","connectionName":"shared_commondataserviceforapps","operationId":"ListRecords"},"parameters":{"entityName":"tsp_recommendations","$filter":"(_tsp_projectstage_value eq '@{triggerBody()?['entity']?['tsp_projectstageid']}')"},"authentication":"@parameters('$authentication')"}},"Shape_Recommendation_Array":{"runAfter":{"Get_Recommendations":["Succeeded"]},"metadata":{"operationMetadataId":"3c41bec5-d2c3-4150-b46e-083293aa1c41"},"type":"Select","inputs":{"from":"@outputs('Get_Recommendations')?['body/value']","select":{"RecommendationFrom":"@item()?['_tsp_assignedby_value@OData.Community.Display.V1.FormattedValue']","Recommendation":"@item()?['tsp_description']"}}},"Get_Tech_Debt":{"runAfter":{"Shape_Recommendation_Array":["Succeeded"]},"metadata":{"operationMetadataId":"170e023a-1715-42b7-96ec-e90dbbbb049a"},"type":"OpenApiConnection","inputs":{"host":{"apiId":"/providers/Microsoft.PowerApps/apis/shared_commondataserviceforapps","connectionName":"shared_commondataserviceforapps","operationId":"ListRecords"},"parameters":{"entityName":"tsp_techdebts","$filter":"(_tsp_projectstage_value eq '@{triggerBody()?['entity']?['tsp_projectstageid']}')"},"authentication":"@parameters('$authentication')"}},"Shape_Tech_Debt_Array":{"runAfter":{"Get_Tech_Debt":["Succeeded"]},"metadata":{"operationMetadataId":"dbd315da-00e1-43ea-a82a-ae24aef6599f"},"type":"Select","inputs":{"from":"@outputs('Get_Tech_Debt')?['body/value']","select":{"TechDebtFrom":"@item()?['_tsp_assignedfrom_value@OData.Community.Display.V1.FormattedValue']","TechDebt":"@item()?['tsp_techdebtexception']","TechDebtDueDate":"@if(equals(item()?['tsp_duedate'], null), null, formatDateTime(parseDateTime(item()?['tsp_duedate']), 'MM/dd/yyyy', 'en-US'))","TechDebtOwner":"@item()?['_tsp_assignedto_value@OData.Community.Display.V1.FormattedValue']","TechDebtCompletedDate":"@if(equals(item()?['tsp_completiondate'], null), null, formatDateTime(parseDateTime(item()?['tsp_completiondate']), 'MM/dd/yyyy', 'en-US'))"}}},"Get_Project_Record":{"runAfter":{"Shape_Tech_Debt_Array":["Succeeded"]},"metadata":{"operationMetadataId":"d34c96be-1794-47fe-825e-35f735a942c3"},"type":"OpenApiConnection","inputs":{"host":{"apiId":"/providers/Microsoft.PowerApps/apis/shared_commondataserviceforapps","connectionName":"shared_commondataserviceforapps","operationId":"GetItem"},"parameters":{"entityName":"tsp_projects","recordId":"@outputs('Get_Project_Stage')?['body/_tsp_projectid_value']"},"authentication":"@parameters('$authentication')"}},"Populate_Report_Template":{"runAfter":{"Get_Project_Record":["Succeeded"]},"metadata":{"016G6YTBWZ2WS6DDXSQJFJ25ETKJ5DIP6G":"/Molina/Design Authority/Templates/Report Template.docx","operationMetadataId":"0d826866-4cbf-4f9b-9870-db7c63743599"},"type":"OpenApiConnection","inputs":{"host":{"apiId":"/providers/Microsoft.PowerApps/apis/shared_wordonlinebusiness","connectionName":"shared_wordonlinebusiness","operationId":"CreateFileItem"},"parameters":{"source":"me","drive":"b!jI2Ww6kRmU6zShzVB-HGDM3P43iTJslDiY_g-angr8OwbMvRI5yrT7_U7kAJ2zNh","file":"016G6YTBWZ2WS6DDXSQJFJ25ETKJ5DIP6G","dynamicFileSchema/42330182":"@outputs('Get_Project_Stage')?['body/tsp_stage@OData.Community.Display.V1.FormattedValue']","dynamicFileSchema/79965322":"@outputs('Get_Project_Stage')?['body/tsp_neededspecialdasession@OData.Community.Display.V1.FormattedValue']","dynamicFileSchema/182171551":"@outputs('Get_Project_Record')?['body/tsp_projectnumber']","dynamicFileSchema/329799927":"@outputs('Get_Project_Stage')?['body/tsp_initiativetype@OData.Community.Display.V1.FormattedValue']","dynamicFileSchema/1106319745":"@body('Shape_Recommendation_Array')","dynamicFileSchema/1412806768":"@formatDateTime(outputs('Get_Project_Stage')?['body/tsp_dadate'], 'MM/dd/yyyy', 'en-US')","dynamicFileSchema/1571625468":"@outputs('Get_Project_Stage')?['body/tsp_nextsteps']","dynamicFileSchema/1602140479":"@outputs('Get_Project_Stage')?['body/tsp_initiativename']","dynamicFileSchema/1699194626":"@outputs('Get_Project_Stage')?['body/tsp_stagereason@OData.Community.Display.V1.FormattedValue']","dynamicFileSchema/1986893336":"@outputs('Get_Project_Stage')?['body/tsp_submittedlate@OData.Community.Display.V1.FormattedValue']","dynamicFileSchema/-279726625":"@outputs('Get_Project_Stage')?['body/tsp_initiativesummary']","dynamicFileSchema/-770933433":"@formatDateTime(utcNow(), 'MM/dd/yyyy', 'en-US')","dynamicFileSchema/-1247332427":"@outputs('Get_Project_Stage')?['body/_tsp_projectmanager_value@OData.Community.Display.V1.FormattedValue']","dynamicFileSchema/-1589151266":"@outputs('Get_Project_Stage')?['body/tsp_towerslt']","dynamicFileSchema/-236938121":"@outputs('Get_Project_Stage')?['body/tsp_tower']","dynamicFileSchema/-438993951":"@outputs('Get_Project_Stage')?['body/_tsp_presenter_value@OData.Community.Display.V1.FormattedValue']","dynamicFileSchema/-1036889713":"@outputs('Get_Project_Stage')?['body/_tsp_towerdirector_value@OData.Community.Display.V1.FormattedValue']","dynamicFileSchema/-1488400161":"@body('Shape_Action_Item_Array')","dynamicFileSchema/-380557619":"@body('Shape_Tech_Debt_Array')","dynamicFileSchema/-10302399":"@outputs('Get_Project_Stage')?['body/tsp_didnotfollowdatemplate@OData.Community.Display.V1.FormattedValue']","dynamicFileSchema/-1634399308":"@outputs('Get_Project_Stage')?['body/tsp_contentqualityneedsimprovement@OData.Community.Display.V1.FormattedValue']"},"authentication":{"value":"@json(decodeBase64(triggerOutputs().headers['X-MS-APIM-Tokens']))['$ConnectionKey']","type":"Raw"}}},"Create_Word_Document_from_Template":{"runAfter":{"Populate_Report_Template":["Succeeded"]},"metadata":{"operationMetadataId":"fe0ea75b-27b4-4a5b-8cdc-92d1ab7c5bbf"},"type":"OpenApiConnection","inputs":{"host":{"apiId":"/providers/Microsoft.PowerApps/apis/shared_onedriveforbusiness","connectionName":"shared_onedriveforbusiness","operationId":"CreateFile"},"parameters":{"folderPath":"/Molina/Design Authority/Output/Word","name":"DAReview_@{utcNow()}.doc","body":"@body('Populate_Report_Template')"},"authentication":{"value":"@json(decodeBase64(triggerOutputs().headers['X-MS-APIM-Tokens']))['$ConnectionKey']","type":"Raw"}},"runtimeConfiguration":{"contentTransfer":{"transferMode":"Chunked"}}},"Convert_Document_to_PDF":{"runAfter":{"Create_Word_Document_from_Template":["Succeeded"]},"metadata":{"operationMetadataId":"58ededeb-956f-45d3-8b00-e95f425322d8"},"type":"OpenApiConnection","inputs":{"host":{"apiId":"/providers/Microsoft.PowerApps/apis/shared_onedriveforbusiness","connectionName":"shared_onedriveforbusiness","operationId":"ConvertFile"},"parameters":{"id":"@outputs('Create_Word_Document_from_Template')?['body/Id']","type":"PDF"},"authentication":{"value":"@json(decodeBase64(triggerOutputs().headers['X-MS-APIM-Tokens']))['$ConnectionKey']","type":"Raw"}}},"Create_PDF_document_in_OneDrive_folder":{"runAfter":{"Convert_Document_to_PDF":["Succeeded"]},"metadata":{"operationMetadataId":"f9b4295b-d58d-4406-bd40-6fec8a5684f5"},"type":"OpenApiConnection","inputs":{"host":{"apiId":"/providers/Microsoft.PowerApps/apis/shared_onedriveforbusiness","connectionName":"shared_onedriveforbusiness","operationId":"CreateFile"},"parameters":{"folderPath":"/Molina/Design Authority/Output/PDF","name":"DAReviewReport_@{utcNow()}.pdf","body":"@body('Convert_Document_to_PDF')"},"authentication":{"value":"@json(decodeBase64(triggerOutputs().headers['X-MS-APIM-Tokens']))['$ConnectionKey']","type":"Raw"}},"runtimeConfiguration":{"contentTransfer":{"transferMode":"Chunked"}}},"Find_Roster_Control_Record":{"runAfter":{"Create_PDF_document_in_OneDrive_folder":["Succeeded"]},"metadata":{"operationMetadataId":"88289903-81f8-4d8c-a4ce-c160ccb431bb"},"type":"OpenApiConnection","inputs":{"host":{"apiId":"/providers/Microsoft.PowerApps/apis/shared_commondataserviceforapps","connectionName":"shared_commondataserviceforapps","operationId":"ListRecords"},"parameters":{"entityName":"tsp_controls","$filter":"(tsp_name eq 'Roster')","$top":1},"authentication":"@parameters('$authentication')"}},"Get_Roster_Entra_ID_from_Control_Record":{"runAfter":{"Find_Roster_Control_Record":["Succeeded"]},"metadata":{"operationMetadataId":"18c21d2e-fc02-47bc-a237-4dd0ddc51256"},"type":"Compose","inputs":"@first(outputs('Find_Roster_Control_Record')?['body/value'])?['tsp_value']"},"Get_group_members":{"runAfter":{"Get_Roster_Entra_ID_from_Control_Record":["Succeeded"]},"metadata":{"operationMetadataId":"0690329b-4321-4bde-b146-4704312ca1eb"},"type":"OpenApiConnection","inputs":{"host":{"apiId":"/providers/Microsoft.PowerApps/apis/shared_azuread","connectionName":"shared_azuread","operationId":"GetGroupMembers"},"parameters":{"id":"@outputs('Get_Roster_Entra_ID_from_Control_Record')"},"authentication":{"value":"@json(decodeBase64(triggerOutputs().headers['X-MS-APIM-Tokens']))['$ConnectionKey']","type":"Raw"}}},"Parse_JSON":{"runAfter":{"Get_group_members":["Succeeded"]},"metadata":{"operationMetadataId":"6b7e9113-9f1a-4d30-bbb3-b11b48eec810"},"type":"ParseJson","inputs":{"content":"@outputs('Get_group_members')?['body/value']","schema":{"type":"array","items":{"type":"object","properties":{"@@odata.type":{"type":"string"},"id":{"type":"string"},"businessPhones":{"type":"array","items":{"type":"string"}},"displayName":{"type":"string"},"mail":{"type":"string"},"mobilePhone":{"type":"string"},"preferredLanguage":{"type":"string"},"userPrincipalName":{"type":"string"},"givenName":{"type":"string"},"jobTitle":{"type":"string"},"surname":{"type":"string"}},"required":["@@odata.type","id","businessPhones","displayName","mail","userPrincipalName"]}}}},"Select_Email_Address":{"runAfter":{"Parse_JSON":["Succeeded"]},"metadata":{"operationMetadataId":"90eadf46-7a90-4347-b10a-7fc16d35064d"},"type":"Select","inputs":{"from":"@body('Parse_JSON')","select":"@item()['mail']"}},"Get_Email_Addresses_as_String":{"runAfter":{"Select_Email_Address":["Succeeded"]},"metadata":{"operationMetadataId":"36b0d8d5-242f-4143-8499-5668db2501a6"},"type":"Join","inputs":{"from":"@body('Select_Email_Address')","joinWith":" ;"}},"Send_an_email_(V2)":{"runAfter":{"Get_Email_Addresses_as_String":["Succeeded"]},"metadata":{"operationMetadataId":"818129cc-861b-43af-bede-b41218c1790c"},"type":"OpenApiConnection","inputs":{"host":{"apiId":"/providers/Microsoft.PowerApps/apis/shared_office365","connectionName":"shared_office365","operationId":"SendEmailV2"},"parameters":{"emailMessage/To":"@body('Get_Email_Addresses_as_String')","emailMessage/Subject":"DA Review request - @{outputs('Get_Project_Stage')?['body/tsp_initiativename']}","emailMessage/Body":"<p>Please find attached a copy of the afer action report. <br>\n<br>\n</p>","emailMessage/Attachments":[{"Name":"DAReport.pdf","ContentBytes":"@body('Convert_Document_to_PDF')"}],"emailMessage/Importance":"Normal"},"authentication":{"value":"@json(decodeBase64(triggerOutputs().headers['X-MS-APIM-Tokens']))['$ConnectionKey']","type":"Raw"}}}},"description":"Create one or more actions to happen when records in the Microsoft Dataverse portal are selected. To use this flow from Microsoft Dataverse, select the record(s) you want to send to the flow, go to the command bar at the top of the screen, select Flows, and choose this flow."},"connectionReferences":{"shared_commondataservice":{"connectionName":"8f4dfdc98c084a25b328ff95c248bcf3","source":"Invoker","id":"/providers/Microsoft.PowerApps/apis/shared_commondataservice","tier":"NotSpecified"},"shared_commondataserviceforapps":{"connectionName":"773390dad060477a864fb7439e40de76","source":"Embedded","id":"/providers/Microsoft.PowerApps/apis/shared_commondataserviceforapps","tier":"NotSpecified"},"shared_wordonlinebusiness":{"connectionName":"shared-wordonlinebus-91e48283-822e-416a-ab79-cf6bb4cee6fe","source":"Invoker","id":"/providers/Microsoft.PowerApps/apis/shared_wordonlinebusiness","tier":"NotSpecified"},"shared_onedriveforbusiness":{"connectionName":"shared-onedriveforbu-233470c8-e654-48ce-92df-4128b2cfec41","source":"Invoker","id":"/providers/Microsoft.PowerApps/apis/shared_onedriveforbusiness","tier":"NotSpecified"},"shared_azuread":{"connectionName":"shared-azuread-9f0202d2-686c-4ac9-b7df-a41449ee9edc","source":"Invoker","id":"/providers/Microsoft.PowerApps/apis/shared_azuread","tier":"NotSpecified"},"shared_office365":{"connectionName":"4393e4dd902a4510890b6c29a879b2ed","source":"Invoker","id":"/providers/Microsoft.PowerApps/apis/shared_office365","tier":"NotSpecified"}},"flowFailureAlertSubscribed":false,"isManaged":false}}