{"name":"9ab9dfc0-bf91-4454-9114-b6a4026a0e3a","id":"/providers/Microsoft.Flow/flows/9ab9dfc0-bf91-4454-9114-b6a4026a0e3a","type":"Microsoft.Flow/flows","properties":{"apiId":"/providers/Microsoft.PowerApps/apis/shared_logicflows","displayName":"Send Due Item Reminder Emails","definition":{"metadata":{"workflowEntityId":null,"processAdvisorMetadata":null,"flowChargedByPaygo":null,"flowclientsuspensionreason":"None","flowclientsuspensiontime":null,"flowclientsuspensionreasondetails":null,"creator":{"id":"b8538f1b-3e91-40bd-913b-f80b5e470f27","type":"User","tenantId":"c5fb6007-0035-44bf-bfa3-128d452518a5"},"provisioningMethod":"FromDefinition","failureAlertSubscription":true,"clientLastModifiedTime":"2024-02-29T11:38:02.6967892Z","connectionKeySavedTimeKey":"2024-02-29T11:38:02.6967892Z"},"$schema":"https://schema.management.azure.com/providers/Microsoft.Logic/schemas/2016-06-01/workflowdefinition.json#","contentVersion":"1.0.0.0","parameters":{"$connections":{"defaultValue":{},"type":"Object"},"$authentication":{"defaultValue":{},"type":"SecureObject"},"dynamicscrmonline.organizationName":{"defaultValue":"","type":"String"},"dynamicscrmonline.entityName":{"defaultValue":"","type":"String"}},"triggers":{"manual":{"splitOn":"@triggerBody()['rows']","metadata":{"operationMetadataId":"faff1a87-f52d-4b95-a1dd-a34f91730eb9"},"type":"Request","kind":"ApiConnection","inputs":{"schema":{"type":"object","properties":{"rows":{"type":"array","items":{"type":"object","properties":{"entity":{"type":"object","properties":{"tsp_name":{"title":"Name","type":"string"},"tsp_projectstageid":{"title":"Project Stage","type":"string","format":"guid"}},"required":["tsp_name","tsp_projectstageid"]}},"required":["entity"]}}},"required":["rows"]},"host":{"connection":{"name":"@parameters('$connections')['shared_commondataservice']['connectionId']"},"api":{"runtimeUrl":"https://flow-apim-unitedstates-002-eastus-01.azure-apim.net/apim/commondataservice"}},"operationId":"GetOnNewItems_V2","parameters":{"dataset":"default.cds","table":"tsp_projectstages"}}}},"actions":{"Get_Full_Project_Stage_Record":{"runAfter":{},"metadata":{"operationMetadataId":"ade5645b-eaaa-4aef-9046-cb624e886192"},"type":"OpenApiConnection","inputs":{"host":{"apiId":"/providers/Microsoft.PowerApps/apis/shared_commondataserviceforapps","connectionName":"shared_commondataserviceforapps","operationId":"GetItem"},"parameters":{"entityName":"tsp_projectstages","recordId":"@triggerBody()?['entity']?['tsp_projectstageid']"},"authentication":"@parameters('$authentication')"}},"Initialize_Project_Name_variable":{"runAfter":{"Get_Full_Project_Stage_Record":["Succeeded"]},"metadata":{"operationMetadataId":"87116375-6c84-4af0-8dae-143e58e4efec"},"type":"InitializeVariable","inputs":{"variables":[{"name":"vStrProjectName","type":"string","value":"@{outputs('Get_Full_Project_Stage_Record')?['body/_tsp_projectid_value@OData.Community.Display.V1.FormattedValue']}"}]}},"Initialize_Project_Stage_variable":{"runAfter":{"Initialize_Project_Name_variable":["Succeeded"]},"metadata":{"operationMetadataId":"62895c71-e915-4bff-883a-1cd463f13010"},"type":"InitializeVariable","inputs":{"variables":[{"name":"vStrProjectStage","type":"string","value":"@{outputs('Get_Full_Project_Stage_Record')?['body/tsp_stage@OData.Community.Display.V1.FormattedValue']}"}]}},"Process_Action_Items":{"actions":{"Get_ActionItemReminderEmailVerbiage_Records":{"runAfter":{},"metadata":{"operationMetadataId":"f9ed04a9-73aa-4c9e-bf34-e1d0e0b31da3"},"type":"OpenApiConnection","inputs":{"host":{"apiId":"/providers/Microsoft.PowerApps/apis/shared_commondataserviceforapps","connectionName":"shared_commondataserviceforapps","operationId":"ListRecords"},"parameters":{"entityName":"tsp_controls","$filter":"tsp_name eq 'ActionItemReminderEmailVerbiage'","$top":1},"authentication":"@parameters('$authentication')"}},"Get_Action_Item_Email_Verbiage":{"runAfter":{"Get_ActionItemReminderEmailVerbiage_Records":["Succeeded"]},"metadata":{"operationMetadataId":"e0f5fac7-96cf-4d24-8c8c-f77a205f5993"},"type":"Compose","inputs":"@first(outputs('Get_ActionItemReminderEmailVerbiage_Records')?['body/value'])?['tsp_value']"},"Replace_Project_Name_in_Action_Item_Email_Verbiage":{"runAfter":{"Get_Action_Item_Email_Verbiage":["Succeeded"]},"metadata":{"operationMetadataId":"0962acd1-4191-48d6-847e-59f3af7df65c"},"type":"Compose","inputs":"@replace(outputs('Get_Action_Item_Email_Verbiage'),'{{ProjectName}}',variables('vStrProjectName'))"},"Replace_Project_Stage_in_Action_Item_Email_Verbiage":{"runAfter":{"Replace_Project_Name_in_Action_Item_Email_Verbiage":["Succeeded"]},"metadata":{"operationMetadataId":"53dee76b-3b5c-4ddb-bbde-84f4ee01ca01"},"type":"Compose","inputs":"@replace(outputs('Replace_Project_Name_in_Action_Item_Email_Verbiage'), '{{ProjectStage}}',variables('vStrProjectStage'))"},"Get_Action_Items":{"runAfter":{"Replace_Project_Stage_in_Action_Item_Email_Verbiage":["Succeeded"]},"metadata":{"operationMetadataId":"68c23bef-6871-4990-a30f-13393b46caa6"},"type":"OpenApiConnection","inputs":{"host":{"apiId":"/providers/Microsoft.PowerApps/apis/shared_commondataserviceforapps","connectionName":"shared_commondataserviceforapps","operationId":"ListRecords"},"parameters":{"entityName":"tsp_actionitems","$filter":"(_tsp_projectstage_value eq '@{outputs('Get_Full_Project_Stage_Record')?['body/tsp_projectstageid']}' and statecode eq 0) "},"authentication":"@parameters('$authentication')"}},"Loop_Action_Items":{"foreach":"@outputs('Get_Action_Items')?['body/value']","actions":{"Replace_Action_Item_Owner_Token_in_Email_Verbiage":{"runAfter":{},"metadata":{"operationMetadataId":"f2be9f75-0018-4659-a791-629c04a46718"},"type":"Compose","inputs":"@replace(outputs('Replace_Project_Stage_in_Action_Item_Email_Verbiage'), '{{ActionItemOwner}}', items('Loop_Action_Items')?['_tsp_assignedto_value@OData.Community.Display.V1.FormattedValue'])"},"Replace_Action_Item_Due_Date_Token_in_Email_Verbiage":{"runAfter":{"Replace_Action_Item_Owner_Token_in_Email_Verbiage":["Succeeded"]},"metadata":{"operationMetadataId":"e5d64c80-0230-45ef-9cf3-d86ce2d68fce"},"type":"Compose","inputs":"@replace(outputs('Replace_Action_Item_Owner_Token_in_Email_Verbiage'),'{{ActionItemDueDate}}',items('Loop_Action_Items')?['tsp_duedate@OData.Community.Display.V1.FormattedValue'])"},"Get_Action_Item_Owner_Record":{"runAfter":{"Replace_Action_Item_Due_Date_Token_in_Email_Verbiage":["Succeeded"]},"metadata":{"operationMetadataId":"0a5e38b0-2889-4a92-b8db-5dd6258d44d9"},"type":"OpenApiConnection","inputs":{"host":{"apiId":"/providers/Microsoft.PowerApps/apis/shared_commondataserviceforapps","connectionName":"shared_commondataserviceforapps","operationId":"GetItem"},"parameters":{"entityName":"contacts","recordId":"@items('Loop_Action_Items')?['_tsp_assignedto_value']"},"authentication":"@parameters('$authentication')"}},"Send_Email_to_Action_Item_Owner":{"runAfter":{"Get_Action_Item_Owner_Record":["Succeeded"]},"metadata":{"operationMetadataId":"102119f3-ff45-4f8f-ab93-1c2eed71729c"},"type":"OpenApiConnection","inputs":{"host":{"apiId":"/providers/Microsoft.PowerApps/apis/shared_office365","connectionName":"shared_office365","operationId":"SendEmailV2"},"parameters":{"emailMessage/To":"@outputs('Get_Action_Item_Owner_Record')?['body/emailaddress1']","emailMessage/Subject":"Action Item Due - @{items('Loop_Action_Items')?['tsp_name']}","emailMessage/Body":"<p><br>\n@{outputs('Replace_Action_Item_Due_Date_Token_in_Email_Verbiage')}\n</p>","emailMessage/Importance":"Normal"},"authentication":{"value":"@json(decodeBase64(triggerOutputs().headers['X-MS-APIM-Tokens']))['$ConnectionKey']","type":"Raw"}}}},"runAfter":{"Get_Action_Items":["Succeeded"]},"metadata":{"operationMetadataId":"7c186538-2cac-482a-a652-5524ddde4117"},"type":"Foreach"}},"runAfter":{"Initialize_Project_Stage_variable":["Succeeded"]},"metadata":{"operationMetadataId":"72537755-c402-46c0-ab3d-f55d6d6a0c18"},"type":"Scope"},"Process_Tech_Debt_Items":{"actions":{"Get_TechDebtEmailVerbiage_Records":{"runAfter":{},"metadata":{"operationMetadataId":"bcf3f150-b9c4-4756-b34a-596ede999a87"},"type":"OpenApiConnection","inputs":{"host":{"apiId":"/providers/Microsoft.PowerApps/apis/shared_commondataserviceforapps","connectionName":"shared_commondataserviceforapps","operationId":"ListRecords"},"parameters":{"entityName":"tsp_controls","$filter":"tsp_name eq 'TechDebtItemReminderEmailVerbiage'","$top":1},"authentication":"@parameters('$authentication')"}},"Get_Tech_Debt_Email_Verbiage":{"runAfter":{"Get_TechDebtEmailVerbiage_Records":["Succeeded"]},"metadata":{"operationMetadataId":"4cfd23b9-a283-4c24-9df5-317b9f646db2"},"type":"Compose","inputs":"@first(outputs('Get_TechDebtEmailVerbiage_Records')?['body/value'])?['tsp_value']"},"Replace_Project_Name_in_Tech_Debt_Email_Verbiage":{"runAfter":{"Get_Tech_Debt_Email_Verbiage":["Succeeded"]},"metadata":{"operationMetadataId":"a5092f80-8197-404a-a3a3-d6340c62eb86"},"type":"Compose","inputs":"@replace(outputs('Get_Tech_Debt_Email_Verbiage'),'{{ProjectName}}',variables('vStrProjectName'))"},"Replace_Project_Stage_in_Tech_Debt_Email_Verbiage":{"runAfter":{"Replace_Project_Name_in_Tech_Debt_Email_Verbiage":["Succeeded"]},"metadata":{"operationMetadataId":"61b61b61-422d-4e4a-aedb-e30a9ed9ebad"},"type":"Compose","inputs":"@replace(outputs('Replace_Project_Name_in_Tech_Debt_Email_Verbiage'),'{{ProjectStage}}',variables('vStrProjectStage'))"},"Get_Tech_Debt_Items":{"runAfter":{"Replace_Project_Stage_in_Tech_Debt_Email_Verbiage":["Succeeded"]},"metadata":{"operationMetadataId":"82e3f17c-d45b-40c6-8f4b-1e6fc153decc"},"type":"OpenApiConnection","inputs":{"host":{"apiId":"/providers/Microsoft.PowerApps/apis/shared_commondataserviceforapps","connectionName":"shared_commondataserviceforapps","operationId":"ListRecords"},"parameters":{"entityName":"tsp_techdebts","$filter":"(_tsp_projectstage_value eq '@{outputs('Get_Full_Project_Stage_Record')?['body/tsp_projectstageid']}' and statecode eq 0)"},"authentication":"@parameters('$authentication')"}},"Loop_Tech_Debt_Items":{"foreach":"@outputs('Get_Tech_Debt_Items')?['body/value']","actions":{"Replace_Tech_Debt_Owner_Token_in_Email_Verbiage":{"runAfter":{},"metadata":{"operationMetadataId":"fbfa336d-2349-4859-ba5a-b8cd76373f44"},"type":"Compose","inputs":"@replace(outputs('Replace_Project_Stage_in_Tech_Debt_Email_Verbiage'),'{{TechDebtItemOwner}}',items('Loop_Tech_Debt_Items')?['_tsp_assignedto_value@OData.Community.Display.V1.FormattedValue'])"},"Replace_Tech_Debt_Due_Date_Token_in_Email_Verbiage":{"runAfter":{"Replace_Tech_Debt_Owner_Token_in_Email_Verbiage":["Succeeded"]},"metadata":{"operationMetadataId":"6f778081-07d2-402b-a676-75770aa9d638"},"type":"Compose","inputs":"@replace(outputs('Replace_Tech_Debt_Owner_Token_in_Email_Verbiage'),'{{TechDebtItemDueDate}}',items('Loop_Tech_Debt_Items')?['tsp_duedate@OData.Community.Display.V1.FormattedValue'])"},"Get_Tech_Debt_Owner_Record":{"runAfter":{"Replace_Tech_Debt_Due_Date_Token_in_Email_Verbiage":["Succeeded"]},"metadata":{"operationMetadataId":"c6cd1275-dd82-4863-8011-dafb0749e70b"},"type":"OpenApiConnection","inputs":{"host":{"apiId":"/providers/Microsoft.PowerApps/apis/shared_commondataserviceforapps","connectionName":"shared_commondataserviceforapps","operationId":"GetItem"},"parameters":{"entityName":"contacts","recordId":"@items('Loop_Tech_Debt_Items')?['_tsp_assignedto_value']"},"authentication":"@parameters('$authentication')"}},"Send_Email_to_Tech_Debt_Owner":{"runAfter":{"Get_Tech_Debt_Owner_Record":["Succeeded"]},"metadata":{"operationMetadataId":"2b3f135a-653c-4f98-bee0-23c038d32a1f"},"type":"OpenApiConnection","inputs":{"host":{"apiId":"/providers/Microsoft.PowerApps/apis/shared_office365","connectionName":"shared_office365","operationId":"SendEmailV2"},"parameters":{"emailMessage/To":"@outputs('Get_Tech_Debt_Owner_Record')?['body/emailaddress1']","emailMessage/Subject":"Tech Debt Item Due - @{items('Loop_Tech_Debt_Items')?['tsp_name']}","emailMessage/Body":"<p><br>\n@{outputs('Replace_Tech_Debt_Due_Date_Token_in_Email_Verbiage')}\n</p>","emailMessage/Importance":"Normal"},"authentication":{"value":"@json(decodeBase64(triggerOutputs().headers['X-MS-APIM-Tokens']))['$ConnectionKey']","type":"Raw"}}}},"runAfter":{"Get_Tech_Debt_Items":["Succeeded"]},"metadata":{"operationMetadataId":"1a2ae2bb-dde8-4275-830b-b9d0fc389252"},"type":"Foreach"}},"runAfter":{"Process_Action_Items":["Succeeded"]},"metadata":{"operationMetadataId":"3b2f652f-fccf-4b28-a4af-97f888d73673"},"type":"Scope"}},"description":"Create one or more actions to happen when records in the Microsoft Dataverse portal are selected. To use this flow from Microsoft Dataverse, select the record(s) you want to send to the flow, go to the command bar at the top of the screen, select Flows, and choose this flow."},"connectionReferences":{"shared_commondataservice":{"connectionName":"8f4dfdc98c084a25b328ff95c248bcf3","source":"Invoker","id":"/providers/Microsoft.PowerApps/apis/shared_commondataservice","tier":"NotSpecified"},"shared_commondataserviceforapps":{"connectionName":"773390dad060477a864fb7439e40de76","source":"Embedded","id":"/providers/Microsoft.PowerApps/apis/shared_commondataserviceforapps","tier":"NotSpecified"},"shared_office365":{"connectionName":"4393e4dd902a4510890b6c29a879b2ed","source":"Invoker","id":"/providers/Microsoft.PowerApps/apis/shared_office365","tier":"NotSpecified"}},"flowFailureAlertSubscribed":false,"isManaged":false}}